generation;mean_p;mean_t;meanfrs;meanmrs;varp;vart;covpt;varfrs;varmrs;surviving_males;surviving_females;N;
0;-4.0895e-05;-0.000446898;9.97208;9.98396;1.62965e-05;2.219e-05;4.14447e-09;0.278439;96.9111;2500;2500;5000;
10;-0.000853304;-0.00570262;10;9.90087;0.000180704;0.000310779;2.36512e-06;0;98.8403;2503;2497;5000;
20;-0.000794347;-0.0100206;10;9.79232;0.000304999;0.000505711;1.14801e-05;0;102.426;2501;2499;5000;
30;-0.00188765;-0.014609;10;9.98811;0.000487173;0.000800049;-7.59509e-06;0;97.5831;2479;2521;5000;
40;-0.00313614;-0.0195653;9.98801;10.008;0.000549998;0.00094345;1.16563e-05;0.119713;106.848;2499;2500;5000;
50;-0.00275686;-0.0258384;10;9.94464;0.000618926;0.00132351;1.07237e-05;0;94.7379;2485;2515;5000;
60;-0.00308184;-0.0297941;9.86811;9.80785;0.000742772;0.00170603;4.19773e-05;1.30155;104.767;2530;2469;5000;
70;-0.00160292;-0.0365093;10;9.98005;0.00084479;0.00211374;2.54216e-05;0;99.9597;2498;2501;5000;
80;-0.00287084;-0.0382882;9.8227;10.0366;0.00115798;0.00229374;2.13684e-05;1.74161;98.7395;2505;2493;5000;
90;-0.00288612;-0.0465574;10;10.0639;0.00121871;0.00308256;-8.31109e-06;0;106.423;2475;2521;5000;
100;-0.00686993;-0.0570087;9.53816;9.52147;0.00133818;0.00339291;1.05917e-05;4.4051;91.7547;2559;2437;5000;
110;-0.00619743;-0.0592847;9.66088;9.56575;0.00145082;0.00422355;8.36997e-05;3.27617;95.3877;2544;2450;5000;
120;-0.00707661;-0.0656984;10;10.2695;0.00155104;0.00479308;-3.58096e-06;0;101.657;2442;2553;5000;
130;-0.00696474;-0.0690975;10;10.2448;0.00152409;0.00517207;-7.16025e-05;0;114.903;2398;2595;5000;
140;-0.00577056;-0.0690854;10;10.2963;0.00166451;0.00437807;-6.21033e-05;0;105.472;2455;2537;5000;
150;-0.00692066;-0.0753361;9.84202;9.94327;0.00170041;0.00445528;4.4464e-05;1.55482;97.8088;2503;2492;5000;
160;-0.00701336;-0.0870939;9.92771;9.78088;0.00188056;0.00636011;-6.95929e-06;0.717666;98.3982;2521;2472;5000;
170;-0.00556651;-0.0909052;10;9.94949;0.00198055;0.00682705;4.11182e-05;0;107.729;2429;2561;5000;
180;-0.00681872;-0.102277;10;9.62323;0.00177114;0.00768702;-2.04743e-06;0;94.6775;2544;2452;5000;
190;-0.00780786;-0.107546;10;10.1118;0.00199101;0.00735111;1.21105e-05;0;100.626;2462;2532;5000;
200;-0.00558265;-0.114412;10;10.1359;0.00181464;0.00826572;7.51786e-05;0;100.181;2456;2535;5000;
210;-0.00697225;-0.124805;9.55911;9.58145;0.00205621;0.00822959;7.89439e-05;4.21451;95.4342;2538;2450;5000;
220;-0.00803744;-0.131696;10;10.0119;0.00204153;0.00915024;-0.000180502;0;103.561;2464;2530;5000;
230;-0.0100123;-0.138572;9.9226;10.5919;0.00213227;0.00936018;-1.10898e-05;0.768003;104.989;2426;2564;5000;
240;-0.0124306;-0.152244;9.67451;9.82449;0.00212685;0.0100669;-0.000195917;3.14896;96.2549;2511;2467;5000;
250;-0.0130916;-0.155101;10;10.012;0.00222717;0.00876516;-1.54413e-05;0;105.758;2483;2504;5000;
260;-0.00893857;-0.162059;9.77465;9.51093;0.0022928;0.00872639;6.05989e-05;2.20274;96.7389;2558;2429;5000;
270;-0.00954883;-0.170356;10;9.94563;0.00229005;0.00880198;1.84264e-05;0;106.016;2422;2561;5000;
280;-0.0110332;-0.169653;10;9.68934;0.00252745;0.00798766;3.59074e-05;0;99.7462;2512;2464;5000;
290;-0.00996665;-0.175474;10;9.92996;0.00281322;0.00769269;2.28352e-05;0;106.221;2426;2552;5000;
300;-0.0105105;-0.176004;10;9.88478;0.00302299;0.00725368;-7.79099e-05;0;108.727;2490;2488;5000;
310;-0.010333;-0.178613;9.86155;10.0324;0.00311769;0.00758311;2.80051e-06;1.36533;101.132;2489;2493;5000;
320;-0.00879284;-0.176068;10;9.86166;0.00279139;0.00841735;-0.000127548;0;99.467;2481;2495;5000;
330;-0.00663627;-0.184947;10;10.0792;0.00277273;0.00949665;2.75443e-05;0;105.62;2433;2544;5000;
340;-0.00360095;-0.184665;10;9.67162;0.00280113;0.00992885;7.46988e-05;0;96.1392;2506;2474;5000;
350;0.00240845;-0.185759;10;10.048;0.00299333;0.00896092;-1.35952e-07;0;107.998;2472;2512;5000;
360;0.00469347;-0.195506;9.892;9.884;0.0030475;0.00912199;0.000107665;1.06834;102.507;2503;2473;5000;
370;-0.000571584;-0.197353;10;10.1959;0.00329519;0.00975725;-3.10153e-05;0;103.88;2428;2550;5000;
380;0.00163029;-0.196667;10;10.0796;0.00349368;0.0090626;-2.1064e-05;0;103.535;2443;2533;5000;
390;0.00567903;-0.192156;10;10.2352;0.00359918;0.00886262;1.48159e-06;0;106.922;2400;2567;5000;
400;0.00738103;-0.186551;10;10.2351;0.00383223;0.00956176;-3.0351e-05;0;104.606;2396;2569;5000;
410;0.0125385;-0.193084;9.9103;10.431;0.00383961;0.00974118;-0.000136379;0.888989;104.125;2433;2541;5000;
420;0.0131056;-0.196676;10;10.1911;0.00422874;0.0100429;-1.18769e-05;0;104.741;2412;2560;5000;
430;0.0192182;-0.202795;10;9.96819;0.0047186;0.0106904;0.000127036;0;100.595;2474;2507;5000;
440;0.0213778;-0.20032;10;10.4744;0.00437734;0.0106938;5.19765e-05;0;101.206;2410;2561;5000;
450;0.0271075;-0.195055;9.64547;10.0832;0.00408693;0.0100093;-2.97883e-05;3.41959;101.698;2479;2503;5000;
460;0.0267768;-0.203651;10;9.82276;0.00397228;0.010494;-0.000305505;0;96.5814;2477;2494;5000;
470;0.0212168;-0.188953;9.89234;9.95586;0.00399306;0.0101923;7.32841e-05;1.06497;98.9146;2492;2481;5000;
480;0.0230613;-0.182518;9.84548;10.0363;0.00412595;0.00971038;-5.7472e-05;1.52129;102.058;2473;2485;5000;
490;0.0218301;-0.173813;9.87881;10.2867;0.00424713;0.0103566;5.90646e-05;1.1972;101.638;2453;2527;5000;
500;0.0245282;-0.171986;10;9.98006;0.00449111;0.00931304;1.00546e-06;0;100.239;2480;2502;5000;
510;0.0176627;-0.164412;9.81162;10.0571;0.00448639;0.00873707;5.06705e-05;1.84834;100.241;2486;2500;5000;
520;0.00821452;-0.165337;9.67793;9.58551;0.00499971;0.00835391;-7.92012e-05;3.11695;93.3896;2539;2434;5000;
530;0.0135583;-0.174861;10;10.0634;0.0047383;0.00928024;-4.94943e-05;0;104.992;2441;2538;5000;
540;0.0104426;-0.178627;9.83354;9.44423;0.00512236;0.00883094;-7.71206e-05;1.63693;91.3348;2564;2422;5000;
550;0.0145616;-0.181211;9.78817;9.70376;0.00532253;0.0093856;2.93937e-05;2.07343;98.8714;2528;2449;5000;
560;0.0108867;-0.191431;10;9.99602;0.00512611;0.0102521;0.000227592;0;104.062;2469;2510;5000;
570;0.0140456;-0.191059;9.9002;9.93988;0.00552772;0.0107795;-1.68161e-06;0.988044;93.9042;2490;2480;5000;
580;0.0183537;-0.190709;10;9.85871;0.00545407;0.010778;0.000345115;0;103.669;2463;2512;5000;
590;0.0199381;-0.190583;10;9.97631;0.00580244;0.010065;-0.000107072;0;103.829;2445;2527;5000;
600;0.0245453;-0.189391;9.85057;10.114;0.00584056;0.0108646;-7.35832e-05;1.47197;99.2951;2477;2505;5000;
610;0.0293148;-0.196289;9.86334;9.7293;0.00632009;0.0108776;-0.000313275;1.34788;100.564;2517;2454;5000;
620;0.0254832;-0.188777;10;10.2357;0.00672027;0.00940839;0.000246795;0;102.741;2424;2562;5000;
630;0.0229544;-0.193961;9.93564;9.82498;0.00635781;0.00989069;0.000201318;0.639462;105.459;2509;2470;5000;
640;0.0262336;-0.198141;10;9.93251;0.00594009;0.00945594;0.000116388;0;99.5985;2472;2502;5000;
650;0.0265816;-0.200494;10;10.0119;0.0060294;0.00953669;-0.000121213;0;98.8857;2448;2516;5000;
660;0.0210218;-0.201804;10;9.95659;0.00649404;0.0084826;-2.22001e-05;0;98.6169;2448;2523;5000;
670;0.0142893;-0.196903;10;10.0278;0.00657511;0.00808337;2.0376e-06;0;99.6424;2452;2529;5000;
680;0.0184255;-0.195389;10;10.1205;0.0070311;0.00742923;0.000128862;0;98.2987;2454;2520;5000;
690;0.0277785;-0.190753;9.76606;9.75787;0.00751331;0.00715197;7.82249e-05;2.28468;95.583;2518;2463;5000;
700;0.0238805;-0.189214;10;9.8748;0.00723908;0.00733065;-7.83106e-06;0;104.366;2457;2524;5000;
710;0.0251578;-0.197187;10;9.92454;0.00731394;0.007591;5.28604e-05;0;100.113;2487;2499;5000;
720;0.0203167;-0.201754;10;9.92085;0.00717473;0.00718176;-5.31237e-05;0;102.012;2473;2507;5000;
730;0.0201898;-0.20584;10;10.0119;0.00739791;0.00799941;-3.71621e-05;0;104.65;2457;2519;5000;
740;0.0193676;-0.209675;9.55469;9.68443;0.00747406;0.00755578;-0.000209057;4.25482;96.1709;2526;2446;5000;
750;0.0192601;-0.205425;9.59684;9.57085;0.00771301;0.00699034;-6.18263e-05;3.86908;93.743;2549;2428;5000;
760;0.0155739;-0.205631;10;9.58968;0.00791374;0.00719507;-5.46654e-06;0;98.6593;2519;2454;5000;
770;0.017659;-0.197899;9.90551;10.2276;0.00785741;0.0069154;-0.00022292;0.935954;101.574;2460;2516;5000;
780;0.0192152;-0.200906;10;10.048;0.0078449;0.00662906;-7.57468e-06;0;106.403;2468;2510;5000;
790;0.026633;-0.208537;9.71373;9.88571;0.00759725;0.00722308;5.24217e-05;2.78079;97.6196;2498;2477;5000;
800;0.0314296;-0.200928;10;9.98403;0.00747407;0.00689984;9.48289e-06;0;99.0017;2483;2501;5000;
810;0.0423309;-0.196061;9.912;9.912;0.00741761;0.00768536;4.01761e-05;0.872256;96.7923;2494;2478;5000;
820;0.0451855;-0.201404;9.96016;10.0402;0.00779243;0.00752196;0.000100038;0.396819;104.737;2486;2500;5000;
830;0.0487002;-0.207063;9.80292;10.0162;0.00793967;0.00735177;0.000139254;1.93199;98.1727;2489;2487;5000;
840;0.0505833;-0.203391;9.93216;9.97995;0.00877386;0.00782347;0.000189638;0.67377;99.1576;2482;2489;5000;
850;0.0520027;-0.198498;9.9006;10.0201;0.0088617;0.00809983;7.90492e-05;0.984155;100.724;2487;2490;5000;
860;0.047298;-0.197685;9.85921;10.2743;0.00990952;0.00771481;0.000351533;1.38808;100.825;2455;2521;5000;
870;0.0531483;-0.194285;10;10.1032;0.0095733;0.00774163;6.44645e-05;0;106.656;2432;2546;5000;
880;0.0497496;-0.192376;10;9.67429;0.00987562;0.00719121;2.71938e-05;0;95.2022;2491;2495;5000;
890;0.0529664;-0.195074;9.89315;10.1051;0.00938836;0.00733603;-3.55799e-05;1.05704;103.426;2477;2500;5000;
900;0.0567206;-0.196102;10;10.2137;0.00988238;0.00752684;-0.000121251;0;108.621;2399;2581;5000;
910;0.0573516;-0.200201;10;9.94043;0.0102039;0.00812763;2.48536e-05;0;99.7185;2468;2503;5000;
920;0.0611129;-0.192702;9.94462;10.1699;0.00949127;0.00752129;3.6088e-05;0.550731;102.965;2462;2514;5000;
930;0.0637985;-0.191731;9.84351;10.2373;0.00896171;0.00738798;-8.03619e-05;1.54045;104.608;2461;2516;5000;
940;0.0552684;-0.200096;9.72963;10.2447;0.0103101;0.00852278;-4.92802e-07;2.63064;104.254;2462;2519;5000;
950;0.0547486;-0.189154;9.58856;9.62418;0.0106114;0.00870079;0.000179144;3.94514;102.31;2537;2447;5000;
960;0.0594931;-0.195098;10;9.84158;0.0094537;0.00915307;0.000131744;0;101.836;2481;2485;5000;
970;0.0658548;-0.197904;9.90952;10.2319;0.0089908;0.0100661;-0.000110696;0.896613;102.102;2461;2519;5000;
980;0.0574627;-0.201283;10;10.2379;0.00975604;0.00951586;-0.000302044;0;97.1611;2436;2539;5000;
990;0.0636884;-0.201075;10;9.87347;0.00945292;0.01018;-0.000156073;0;102.159;2475;2497;5000;
1000;0.0734373;-0.192957;10;10.1545;0.0090601;0.00958459;-0.000102247;0;107.026;2408;2564;5000;
1010;0.0779474;-0.188363;9.80214;9.89891;0.00840951;0.00900492;0.000167844;1.93948;104.923;2501;2477;5000;
1020;0.0801827;-0.196029;9.96803;9.98399;0.00891617;0.00912965;-0.000244932;0.318722;97.1174;2486;2494;5000;
1030;0.0747957;-0.195405;9.80975;9.87081;0.00852382;0.00910342;-0.000168463;1.8663;96.3095;2500;2475;5000;
1040;0.0715968;-0.192297;10;10.1403;0.00821483;0.00834979;0.000174203;0;105.313;2452;2529;5000;
1050;0.0812831;-0.188527;10;9.8622;0.00928807;0.00899323;4.03962e-05;0;102.304;2479;2505;5000;
1060;0.0781789;-0.182652;9.87947;9.75309;0.00870112;0.00966174;-6.2184e-05;1.19078;97.8283;2520;2459;5000;
1070;0.0917429;-0.181779;9.89281;10.0081;0.00915775;0.00965197;-6.1123e-05;1.06037;100.524;2489;2492;5000;
1080;0.0973113;-0.173426;10;10.4392;0.00997496;0.00875625;-0.000247113;0;109.771;2419;2567;5000;
1090;0.102784;-0.170873;9.91637;10.004;0.0108761;0.00854563;0.000345768;0.829326;102.25;2491;2490;5000;
1100;0.111634;-0.175933;10;10.2201;0.0115733;0.0103374;-0.000233971;0;102.032;2417;2554;5000;
1110;0.111736;-0.16317;10;10.1794;0.0109198;0.0086441;0.000242035;0;103.038;2431;2553;5000;
1120;0.109759;-0.156352;9.76359;9.89439;0.0111799;0.00977567;0.000344944;2.30818;94.9523;2506;2478;5000;
1130;0.0927172;-0.159601;10;9.74011;0.0104584;0.00943631;0.00012531;0;99.1179;2473;2511;5000;
1140;0.0996937;-0.15635;9.99186;9.65395;0.0116155;0.0100825;-3.92658e-06;0.0813338;97.1669;2530;2455;5000;
1150;0.0934365;-0.150836;9.836;10.2501;0.011321;0.00901708;0.000322205;1.61309;102.315;2456;2519;5000;
1160;0.0944801;-0.143019;10;10.0555;0.010885;0.0084741;0.000161477;0;98.7281;2447;2536;5000;
1170;0.0970155;-0.14016;10;10.0439;0.0113364;0.00839135;1.93173e-05;0;98.8014;2468;2518;5000;
1180;0.0911156;-0.136628;9.73778;9.68586;0.0110469;0.00838721;0.000434307;2.55341;93.0145;2532;2451;5000;
1190;0.0938551;-0.134055;10;9.60685;0.011908;0.00780011;9.00862e-05;0;98.3663;2523;2468;5000;
1200;0.0893819;-0.126212;10;9.68273;0.0106407;0.00812151;-0.00010354;0;99.1159;2518;2472;5000;
1210;0.0745433;-0.127744;10;10.2055;0.0111279;0.00881727;0.000212505;0;103.06;2453;2533;5000;
1220;0.0806916;-0.123177;9.64006;9.69313;0.0103918;0.00821955;5.5096e-05;3.46982;96.5916;2527;2464;5000;
1230;0.0611647;-0.125245;10;10.1771;0.00970575;0.00784373;0.000224027;0;102.021;2451;2529;5000;
1240;0.0555331;-0.129404;9.76219;9.48392;0.00930199;0.00798883;-2.78555e-05;2.32152;98.9794;2566;2422;5000;
1250;0.056522;-0.124879;10;9.67692;0.00988694;0.00754907;3.64232e-05;0;103.321;2504;2486;5000;
1260;0.0524424;-0.115504;10;10.0118;0.00933327;0.00757902;-4.25561e-05;0;102.288;2454;2538;5000;
1270;0.0538635;-0.120412;9.79665;9.72311;0.00934865;0.00812266;-0.000176812;1.99214;98.3583;2532;2457;5000;
1280;0.055475;-0.118926;9.79117;9.90658;0.0102561;0.00669959;7.30124e-05;2.04465;95.6452;2504;2485;5000;
1290;0.0602806;-0.125719;10;9.96068;0.0102098;0.00712104;-0.000145022;0;99.1727;2458;2533;5000;
1300;0.0606981;-0.122613;10;10.2304;0.00966297;0.00685583;0.000170879;0;105.646;2455;2531;5000;
1310;0.0580746;-0.12262;9.99186;9.64623;0.00929951;0.00668091;9.33126e-06;0.0813669;97.8308;2530;2454;5000;
1320;0.0558933;-0.124099;10;10.004;0.00940791;0.00698318;-0.000165294;0;103.046;2458;2529;5000;
1330;0.0538936;-0.13023;9.92478;10.0889;0.00987723;0.00786595;-4.13328e-05;0.74652;105.651;2483;2507;5000;
1340;0.0533435;-0.132522;9.85824;9.54563;0.00949799;0.00782927;-1.91989e-05;1.39748;92.2076;2551;2434;5000;
1350;0.0504617;-0.13331;9.91706;10.154;0.00978154;0.00767059;0.000383277;0.822505;103.947;2472;2511;5000;
1360;0.0495993;-0.139863;10;10.0397;0.00911811;0.00937672;0.000172307;0;103.573;2458;2528;5000;
1370;0.0400874;-0.137805;9.73183;10.1277;0.00942729;0.00927375;0.000236969;2.60978;101.879;2482;2504;5000;
1380;0.0404895;-0.146646;9.92794;9.89209;0.00897638;0.0095457;-0.000140341;0.715384;96.8309;2506;2480;5000;
1390;0.0449424;-0.140963;9.62774;9.69363;0.00909863;0.0089812;-0.000196873;3.584;90.3882;2526;2457;5000;
1400;0.0530548;-0.144533;10;10.3417;0.00861107;0.00859272;4.38519e-05;0;109.159;2444;2542;5000;
1410;0.0544668;-0.143214;9.69219;9.74858;0.00874407;0.00952335;0.000221026;2.98339;94.6651;2522;2456;5000;
1420;0.061143;-0.150232;10;9.76274;0.00908602;0.00888446;0.000181622;0;100.41;2473;2510;5000;
1430;0.0632389;-0.141106;10;10.4143;0.00965528;0.00939175;-3.42114e-05;0;101.859;2425;2564;5000;
1440;0.0636998;-0.147422;10;10.1243;0.00985803;0.0102542;-2.45435e-05;0;104.676;2460;2525;5000;
1450;0.0630859;-0.146936;9.59858;9.5486;0.00968247;0.0107767;0.000216246;3.85303;98.4136;2551;2439;5000;
1460;0.0566107;-0.140456;9.52418;9.54844;0.0097678;0.0107506;-0.000123137;4.53179;95.8552;2543;2442;5000;
1470;0.0602042;-0.129633;10;10.2579;0.00967808;0.0102054;0.000149895;0;100.498;2442;2546;5000;
1480;0.0574302;-0.12389;10;10.2627;0.00923883;0.0107051;7.4389e-05;0;105.307;2454;2539;5000;
1490;0.0500848;-0.113497;10;10.0278;0.00909413;0.00924024;-5.03098e-05;0;103.61;2465;2527;5000;
1500;0.0496693;-0.105448;9.93195;9.90008;0.00991528;0.00952042;-4.30518e-05;0.675913;104.027;2507;2481;5000;
1510;0.0497584;-0.110333;10;9.85981;0.00948553;0.00869198;0.000269852;0;98.3448;2462;2532;5000;
1520;0.0459583;-0.115719;9.64173;9.63821;0.00999445;0.00865849;0.000125748;3.45432;96.1699;2542;2449;5000;
1530;0.049634;-0.11712;9.86056;9.80321;0.00922837;0.00939291;-5.26341e-05;1.37498;102.17;2516;2475;5000;
1540;0.0481138;-0.11846;10;9.77935;0.00978357;0.00928086;-0.000165611;0;105.546;2507;2482;5000;
1550;0.0578947;-0.117801;9.99198;9.93618;0.0103558;0.00971228;-0.0001688;0.0801603;96.2065;2501;2491;5000;
1560;0.0597031;-0.118846;9.81481;9.50715;0.00968167;0.00960061;-6.1615e-05;1.81756;92.2054;2553;2438;5000;
1570;0.0591407;-0.138192;10;9.97627;0.00981103;0.0109726;1.08577e-05;0;102.61;2461;2522;5000;
1580;0.0582392;-0.135131;9.93186;9.89222;0.00913146;0.0110613;-0.000155366;0.67672;100.388;2505;2478;5000;
1590;0.0581149;-0.121708;10;10.1632;0.00991293;0.0101878;0.000408922;0;104.233;2439;2553;5000;
1600;0.0553576;-0.124783;9.9521;9.98397;0.00942833;0.0111481;0.000155334;0.476747;99.3184;2497;2493;5000;
1610;0.0550903;-0.12512;9.53315;9.46552;0.0086495;0.0106626;-0.000112757;4.45055;96.4504;2559;2430;5000;
1620;0.0486776;-0.117978;9.95593;9.92412;0.00926795;0.010604;0.000300466;0.438763;99.2355;2504;2485;5000;
1630;0.0462004;-0.118471;10;10.2915;0.010345;0.0100397;-3.42159e-05;0;108.012;2448;2542;5000;
1640;0.0453245;-0.119863;10;10.1002;0.00964737;0.0103618;-0.000122631;0;100.952;2465;2520;5000;
1650;0.0409529;-0.118965;9.81481;9.95938;0.00948004;0.0102309;9.59179e-05;1.81756;98.8611;2502;2491;5000;
1660;0.0371603;-0.118218;10;9.93349;0.00916538;0.0100748;-0.000123139;0;106.06;2446;2539;5000;
1670;0.0351003;-0.113485;9.58755;9.69136;0.00871129;0.00886487;-1.27438e-05;3.9544;98.7113;2523;2464;5000;
1680;0.0345181;-0.121766;9.87107;9.67832;0.00818829;0.00988555;0.000252864;1.27266;95.0911;2539;2450;5000;
1690;0.0332483;-0.120374;10;9.65166;0.008242;0.00953997;9.87794e-05;0;96.8258;2520;2466;5000;
1700;0.0366471;-0.126571;9.76716;9.54165;0.00841024;0.00955214;-5.01356e-05;2.27417;93.2534;2555;2433;5000;
1710;0.0343067;-0.121961;10;10.2305;0.00887378;0.0089252;-0.000116868;0;104.233;2458;2530;5000;
1720;0.0218169;-0.124378;10;9.86905;0.00972275;0.00872855;0.000236183;0;99.8638;2500;2487;5000;
1730;0.0280812;-0.13063;10;9.95345;0.00929311;0.00932632;9.58565e-05;0;109.307;2415;2566;5000;
1740;0.0305441;-0.133834;10;9.78372;0.00842756;0.00954503;0.000290132;0;101.605;2501;2488;5000;
1750;0.0292365;-0.134852;9.8129;9.81109;0.00894051;0.00948485;1.58341e-05;1.83601;100.406;2515;2465;5000;
1760;0.0301452;-0.135026;10;9.98007;0.00890876;0.00891395;0.000180676;0;101.195;2485;2504;5000;
1770;0.0271396;-0.133119;10;10.0838;0.00835949;0.00857644;0.0001755;0;103.024;2459;2528;5000;
1780;0.0382546;-0.135617;9.85743;9.98384;0.00890901;0.00903897;-8.9115e-06;1.40542;101.899;2496;2489;5000;
1790;0.0404946;-0.140981;9.76651;9.47536;0.00919199;0.00849117;8.12747e-05;2.28042;89.9473;2559;2426;5000;
1800;0.0277931;-0.140136;10;10.0519;0.00929707;0.00869294;-0.000108808;0;98.0013;2470;2518;5000;
1810;0.025184;-0.147647;10;9.74369;0.00873939;0.00901881;0.000171838;0;101.314;2508;2471;5000;
1820;0.0245891;-0.151251;10;9.91716;0.00872788;0.0093028;0.000188932;0;101.887;2473;2514;5000;
1830;0.0244234;-0.142716;10;9.97226;0.00913234;0.00833387;-2.00222e-05;0;99.6029;2472;2516;5000;
1840;0.0261138;-0.150914;9.72792;9.79302;0.00932173;0.0081072;0.000309209;2.64679;101.865;2516;2467;5000;
1850;0.0263058;-0.160359;10;10.3073;0.00890419;0.0080527;-0.00030005;0;106.335;2439;2549;5000;
1860;0.0325554;-0.160818;10;9.68223;0.00901374;0.00833507;0.000117767;0;94.3282;2515;2468;5000;
1870;0.0299624;-0.167901;10;9.65612;0.0100104;0.00934821;-6.72691e-05;0;97.1854;2511;2471;5000;
1880;0.0407213;-0.163582;9.78013;10.0082;0.00945629;0.00918182;0.000239439;2.15032;101.182;2492;2491;5000;
1890;0.0455211;-0.154562;10;9.81861;0.00887209;0.00893123;-6.16783e-05;0;101.229;2490;2490;5000;
1900;0.048036;-0.155361;10;9.94033;0.00911712;0.00921996;-7.37337e-06;0;98.9225;2483;2499;5000;
1910;0.0335731;-0.148902;9.85133;10.2169;0.00930891;0.0097242;7.52669e-05;1.4646;103.104;2464;2518;5000;
1920;0.0369456;-0.150825;9.99206;10.1532;0.00948728;0.00949928;-0.000233838;0.0793021;99.5733;2459;2518;5000;
1930;0.0457788;-0.158251;9.64514;9.4061;0.0109541;0.0094328;-5.47456e-05;3.42272;95.3937;2559;2419;5000;
1940;0.0416278;-0.162872;10;10.0842;0.0112459;0.00986657;0.000143875;0;101.476;2471;2515;5000;
1950;0.0461196;-0.179546;10;9.9006;0.011348;0.0102914;0.000168919;0;99.3539;2490;2490;5000;
1960;0.0405153;-0.177161;10;9.96043;0.0114746;0.0103276;-8.32742e-05;0;98.0594;2465;2517;5000;
1970;0.0374243;-0.178495;9.70565;9.57763;0.0106205;0.00991771;2.30998e-05;2.85687;92.7017;2543;2440;5000;
1980;0.0406849;-0.177766;10;9.83594;0.0106705;0.00975822;0.000152455;0;100.989;2458;2518;5000;
1990;0.0432933;-0.173723;10;9.7898;0.0104771;0.00906394;-0.000255427;0;99.9169;2459;2515;5000;
2000;0.0443905;-0.176427;9.81904;9.98779;0.0107239;0.00952322;6.61654e-05;1.77685;101.098;2486;2496;5000;
2010;0.0482587;-0.181636;10;10.1448;0.0109009;0.00934608;-0.000204369;0;103.278;2455;2522;5000;
2020;0.0494188;-0.177842;10;10.1043;0.0109218;0.0093485;6.86366e-05;0;100.751;2462;2519;5000;
2030;0.0530557;-0.181634;10;9.93651;0.011066;0.0089025;-9.98293e-05;0;102.298;2467;2504;5000;
2040;0.0557106;-0.187217;9.95618;10.0361;0.011535;0.00848639;0.000317555;0.436326;98.9144;2477;2499;5000;
2050;0.0547226;-0.184207;10;9.82346;0.0120232;0.00938427;-0.000225357;0;101.303;2477;2504;5000;
2060;0.049238;-0.181415;10;9.92157;0.0119498;0.00969661;0.000109652;0;102.033;2457;2530;5000;
2070;0.0462335;-0.180419;10;9.93643;0.0111391;0.0101986;0.000197158;0;99.9562;2477;2501;5000;
2080;0.0520289;-0.179392;10;10.3528;0.0111999;0.00945872;0.000111939;0;107.783;2424;2553;5000;
2090;0.0538396;-0.173477;9.93257;10.0928;0.0106346;0.00929568;0.000183058;0.669788;102.17;2482;2504;5000;
2100;0.0518137;-0.177924;9.98802;10.02;0.0114958;0.00846671;-6.28133e-05;0.119665;102.844;2481;2501;5000;
2110;0.0557383;-0.169786;10;9.95244;0.0122407;0.00788211;0.000189205;0;97.8971;2468;2511;5000;
2120;0.0526658;-0.170483;9.97613;10.0885;0.012834;0.00759434;0.000212889;0.238094;102.245;2472;2508;5000;
2130;0.0518398;-0.17082;10;10.2706;0.0124428;0.00701698;-0.000324173;0;108.933;2441;2543;5000;
2140;0.0450296;-0.167955;9.93224;10.004;0.0122115;0.00673875;0.000180913;0.67297;101.124;2489;2492;5000;
2150;0.0464972;-0.177609;9.9724;10.2638;0.0114124;0.00698296;-0.000155762;0.275263;105.49;2455;2529;5000;
2160;0.0476986;-0.177812;10;10.2876;0.0114011;0.00731728;-3.54181e-05;0;106.884;2437;2540;5000;
2170;0.0579775;-0.18154;10;10.2979;0.0115861;0.00764462;0.000124329;0;109.171;2423;2558;5000;
2180;0.0588908;-0.17859;10;10.3;0.0122255;0.00744494;-3.84288e-05;0;98.4102;2439;2541;5000;
2190;0.0597566;-0.179058;9.85731;9.95155;0.0134299;0.00750034;-0.00014602;1.40651;100.765;2498;2487;5000;
2200;0.0680255;-0.171521;10;10.2876;0.0129858;0.00735831;-0.000124003;0;102.995;2444;2540;5000;
2210;0.0660415;-0.171059;9.86513;9.95563;0.0136723;0.00748354;0.000224046;1.33048;97.013;2495;2487;5000;
2220;0.0731208;-0.169708;9.82903;9.87123;0.0134396;0.0074184;0.000209133;1.68051;100.828;2507;2472;5000;
2230;0.0724242;-0.171993;9.88419;9.8758;0.0136421;0.00739476;0.000110973;1.14473;98.0214;2504;2475;5000;
2240;0.0738437;-0.180235;10;9.96423;0.013308;0.00726811;7.00297e-05;0;99.959;2471;2507;5000;
2250;0.0814395;-0.172685;10;10.008;0.0134013;0.00663658;8.41498e-05;0;100.438;2463;2515;5000;
2260;0.0761761;-0.165379;10;9.96875;0.0136785;0.0069671;-3.28288e-05;0;104.296;2436;2552;5000;
2270;0.0648594;-0.163121;10;9.78013;0.0140452;0.00639456;-6.93972e-05;0;100.462;2494;2491;5000;
2280;0.0675622;-0.159846;9.95591;9.91617;0.0152659;0.00695847;-0.000121691;0.438938;101.191;2494;2484;5000;
2290;0.0681164;-0.1611;10;10.1567;0.0154767;0.00651809;9.40869e-05;0;104.797;2451;2528;5000;
2300;0.0683238;-0.167889;10;9.88072;0.0155481;0.00632454;6.96981e-05;0;97.7194;2492;2485;5000;
2310;0.0722965;-0.167795;10;10;0.0148123;0.00623286;-5.04717e-05;0;98.2428;2479;2504;5000;
2320;0.0766513;-0.170725;10;9.86745;0.0151892;0.00654931;0.000109624;0;101.659;2456;2531;5000;
2330;0.07597;-0.176982;9.91064;9.59417;0.0145144;0.00658284;-8.19716e-06;0.885598;98.7715;2544;2440;5000;
2340;0.0683217;-0.183507;9.81526;9.58964;0.0156602;0.00620819;0.00025351;1.81326;97.8794;2542;2444;5000;
2350;0.0792071;-0.188429;9.94064;10.1577;0.0159888;0.00629315;-0.000101421;0.590066;104.908;2464;2512;5000;
2360;0.0823664;-0.177068;9.96377;9.83704;0.0166686;0.00595104;9.61852e-05;0.361006;97.549;2505;2475;5000;
2370;0.076726;-0.180558;10;9.96416;0.016365;0.00588255;-0.000174735;0;95.618;2484;2502;5000;
2380;0.0814079;-0.184565;9.98397;9.94411;0.0154878;0.00572771;-0.000147067;0.160064;99.8771;2487;2491;5000;
2390;0.0798825;-0.190334;10;10.0874;0.0140156;0.00571104;0.000126455;0;108.418;2441;2538;5000;
2400;0.0698389;-0.189964;9.9207;10.0969;0.0157091;0.00645036;-0.000124812;0.786733;97.65;2474;2502;5000;
2410;0.0670464;-0.19087;10;10.1977;0.0175704;0.00617072;-0.00036741;0;106.619;2456;2527;5000;
2420;0.0598477;-0.195482;9.85455;9.61584;0.0185788;0.00642836;0.000300275;1.43339;100.565;2542;2439;5000;
2430;0.0590338;-0.19191;9.84158;9.9798;0.0189046;0.00665664;0.000136961;1.55906;104.04;2491;2485;5000;
2440;0.0698178;-0.183128;10;10.1398;0.0190057;0.00609495;8.33079e-05;0;105.014;2447;2538;5000;
2450;0.0569962;-0.1881;9.76378;9.90244;0.021475;0.00650309;-5.08238e-05;2.3064;94.7872;2499;2480;5000;
2460;0.0539165;-0.188032;9.70874;10.0412;0.0206346;0.0065736;-0.000116281;2.82779;97.8127;2485;2500;5000;
2470;0.05309;-0.186956;10;10.0717;0.0212332;0.0070084;0.000317434;0;99.7558;2452;2528;5000;
2480;0.0659882;-0.180187;10;9.79305;0.0193317;0.00736765;-0.000272967;0;106.361;2473;2508;5000;
2490;0.066889;-0.174821;10;9.85312;0.0196671;0.00716794;-2.99962e-05;0;100.852;2501;2482;5000;
2500;0.0785476;-0.177634;10;10.6371;0.0185658;0.00820997;0.000203865;0;109.952;2393;2588;5000;
2510;0.0758752;-0.172701;9.78312;9.98377;0.0175692;0.00849398;-0.000131143;2.12173;102.922;2488;2481;5000;
2520;0.0735097;-0.166284;10;10.1282;0.0198829;0.00728732;-0.000105304;0;102.948;2457;2528;5000;
2530;0.064974;-0.163291;10;10.1909;0.018797;0.00682612;-7.82952e-05;0;110.067;2417;2562;5000;
2540;0.0683262;-0.163166;10;10.056;0.0173869;0.00662257;-7.8351e-05;0;98.9569;2471;2514;5000;
2550;0.0660117;-0.167044;9.97977;9.75089;0.0188592;0.00678874;2.85208e-05;0.201938;101.757;2518;2466;5000;
2560;0.0700256;-0.172733;10;9.75232;0.0190466;0.00691496;-0.00021077;0;101.254;2462;2520;5000;
2570;0.0772965;-0.173338;9.83807;9.99595;0.0183552;0.00695363;0.000143502;1.59305;99.4732;2492;2491;5000;
2580;0.0797774;-0.172987;10;10.024;0.0181882;0.00707661;0.000299998;0;100.84;2481;2503;5000;
2590;0.0806053;-0.172114;10;9.86128;0.0176506;0.00665801;2.3568e-07;0;100.298;2488;2488;5000;
2600;0.0829891;-0.169393;9.88533;10.0809;0.0176918;0.00631572;-4.92206e-07;1.13355;108.209;2483;2500;5000;
2610;0.0789762;-0.175864;9.81379;9.91115;0.0180674;0.00743935;0.000347273;1.82745;104.516;2503;2477;5000;
2620;0.0868119;-0.176091;10;9.78707;0.0179941;0.00629814;0.000396657;0;101.769;2499;2482;5000;
2630;0.0761521;-0.17631;10;10.0514;0.0187266;0.00694184;0.000327467;0;100.393;2440;2540;5000;
2640;0.0738007;-0.174493;10;10.3865;0.0182973;0.00608357;0.000415086;0;104.529;2425;2553;5000;
2650;0.0662607;-0.174673;10;10.2169;0.0181984;0.00583857;-6.75217e-06;0;105.334;2436;2544;5000;
2660;0.0708029;-0.169046;10;10.1026;0.017677;0.00553177;1.03994e-05;0;103.778;2419;2560;5000;
2670;0.0778823;-0.17217;10;10.0635;0.0172495;0.00596044;0.000252417;0;108.366;2442;2537;5000;
2680;0.0911117;-0.171589;9.80024;10.1349;0.0168327;0.00620374;0.00018308;1.95774;104.641;2480;2502;5000;
2690;0.0922462;-0.172368;9.81633;10.1557;0.0170463;0.00636365;7.21371e-05;1.80292;96.7394;2471;2512;5000;
2700;0.0829151;-0.17582;10;10.2942;0.0188765;0.00657851;0.000142246;0;105.838;2392;2589;5000;
2710;0.0850866;-0.177789;10;9.87737;0.018301;0.00669915;-0.000118154;0;100.262;2484;2497;5000;
2720;0.085912;-0.179121;10;10.2303;0.0174697;0.00704348;-7.08556e-05;0;103.179;2450;2532;5000;
2730;0.0889348;-0.190427;9.8856;10.1501;0.0174777;0.0068556;0.000137909;1.1309;99.3284;2469;2506;5000;
2740;0.0826412;-0.191724;10;10.2058;0.0179474;0.00706123;0.000302072;0;111.948;2404;2579;5000;
2750;0.0846667;-0.187292;9.88569;10.1705;0.0191114;0.00648587;6.82505e-05;1.13002;98.4687;2467;2508;5000;
2760;0.0749802;-0.186279;10;9.81394;0.0204564;0.00616248;-1.75132e-05;0;99.4507;2493;2479;5000;
2770;0.0759222;-0.188036;9.87256;9.92768;0.0193106;0.00592589;-0.000194402;1.25815;97.544;2495;2479;5000;
2780;0.0762226;-0.187446;10;9.89041;0.0183486;0.0066927;5.21304e-05;0;104.802;2448;2527;5000;
2790;0.0737031;-0.186882;9.91204;9.91997;0.0183785;0.00644359;0.000183018;0.87191;94.5114;2496;2479;5000;
2800;0.0735732;-0.178707;9.777;10.0614;0.0181082;0.00669;-5.99281e-05;2.18032;102.574;2488;2499;5000;
2810;0.0551778;-0.177782;9.88592;10.1912;0.0206243;0.00683579;-0.000191706;1.12782;102.608;2469;2513;5000;
2820;0.050314;-0.172083;9.75334;9.41037;0.0194468;0.00685251;-9.43735e-05;2.4058;89.4426;2566;2412;5000;
2830;0.060462;-0.168499;10;10.1951;0.0191833;0.00725182;0.000118842;0;107.688;2424;2560;5000;
2840;0.0591968;-0.16771;9.91501;9.68762;0.0202333;0.00794311;-0.000158507;0.842636;96.7391;2526;2450;5000;
2850;0.0565752;-0.168948;9.98013;10.1087;0.0203536;0.00849525;-0.00040904;0.198333;100.27;2464;2511;5000;
2860;0.0567781;-0.174705;9.78105;9.74678;0.0198082;0.00927892;0.000287907;2.14155;103.111;2520;2457;5000;
2870;0.0558952;-0.171857;9.88601;10.1751;0.0200392;0.0093047;0.000101124;1.12694;102.29;2468;2515;5000;
2880;0.0490581;-0.172416;10;9.83465;0.0209746;0.0106023;-6.9106e-05;0;99.3427;2475;2498;5000;
2890;0.0563878;-0.162686;9.9054;10.203;0.0199123;0.00962744;4.35285e-05;0.93705;105.521;2456;2513;5000;
2900;0.0546589;-0.157858;10;9.81395;0.0193418;0.0100856;-3.32115e-05;0;102.136;2450;2532;5000;
2910;0.0517576;-0.153996;9.76819;9.58767;0.020104;0.00967524;-0.000179711;2.26441;99.5498;2545;2444;5000;
2920;0.0493465;-0.157051;9.59687;9.66871;0.0207744;0.0096608;0.000113329;3.8688;94.2461;2533;2452;5000;
2930;0.047388;-0.152909;10;10.1728;0.0213594;0.00964866;-3.3185e-05;0;103.949;2450;2531;5000;
2940;0.0417205;-0.155884;10;9.83412;0.020338;0.00999793;-0.000140256;0;99.8145;2497;2490;5000;
2950;0.0257817;-0.156116;9.77354;9.67781;0.021086;0.00996281;0.000346706;2.21332;97.6006;2527;2460;5000;
2960;0.0311144;-0.161518;10;9.79608;0.0207055;0.0103744;-0.000303925;0;101.841;2488;2498;5000;
2970;0.0223491;-0.166776;9.8171;9.78672;0.0204611;0.0100623;-0.00010567;1.79557;99.9545;2516;2469;5000;
2980;0.033015;-0.165673;10;9.72952;0.0185126;0.00934407;0.000226664;0;98.986;2494;2482;5000;
2990;0.0267172;-0.167791;9.70312;9.97131;0.0199706;0.00927319;-0.000168886;2.88062;105.532;2501;2484;5000;
3000;0.0236494;-0.176721;10;9.9765;0.0203542;0.00878169;0.000262014;0;99.8036;2439;2547;5000;
3010;0.0297706;-0.182158;10;9.96411;0.01805;0.00903431;-0.000479983;0;102.67;2481;2499;5000;
3020;0.0297728;-0.183346;9.90488;10.0888;0.0201889;0.00866006;-0.000226337;0.9422;100.598;2475;2499;5000;
3030;0.028926;-0.180252;10;9.84258;0.0211755;0.00872064;-0.000120672;0;103.006;2474;2501;5000;
3040;0.0347694;-0.180988;10;9.83801;0.0189882;0.00960462;0.000420061;0;96.892;2491;2490;5000;
3050;0.029609;-0.184798;10;9.99609;0.0199412;0.00876873;-0.000100104;0;110.985;2418;2557;5000;
3060;0.0476197;-0.186541;10;10.0994;0.0181046;0.00949346;0.000372538;0;100.706;2439;2540;5000;
3070;0.0438212;-0.194643;10;10.6296;0.0174487;0.00998441;4.13539e-05;0;103.76;2397;2583;5000;
3080;0.053052;-0.191765;9.82862;9.81132;0.0177469;0.0102808;-5.86482e-05;1.68446;98.5192;2510;2466;5000;
3090;0.041977;-0.187119;10;10.2251;0.0169835;0.0105726;-0.000410011;0;102.924;2438;2544;5000;
3100;0.0396922;-0.179005;9.98413;10.1533;0.0169275;0.0101818;2.03055e-05;0.158415;103.97;2444;2517;5000;
3110;0.0433019;-0.168129;10;10.2508;0.0152034;0.00892525;-6.53181e-05;0;101.151;2453;2534;5000;
3120;0.0418039;-0.168958;10;10.2713;0.0150908;0.00895709;7.45941e-06;0;102.153;2448;2537;5000;
3130;0.0245312;-0.152852;9.94733;9.69194;0.0170961;0.00908436;-3.3498e-05;0.523968;99.4312;2533;2455;5000;
3140;0.0162387;-0.151183;10;10.2917;0.0179575;0.00952616;-0.000374575;0;99.9149;2438;2540;5000;
3150;0.016323;-0.147381;9.93567;9.83287;0.0181723;0.00899654;0.000586111;0.639206;97.7834;2511;2471;5000;
3160;0.0182408;-0.150929;10;9.70301;0.0184483;0.00913279;0.000135026;0;99.0912;2504;2483;5000;
3170;0.0383193;-0.151991;10;9.77183;0.0184984;0.00855242;-0.000196847;0;95.8567;2497;2484;5000;
3180;0.0334723;-0.151652;10;10.4474;0.0202662;0.0085457;-9.63022e-05;0;107.7;2398;2592;5000;
3190;0.0347164;-0.154418;9.98024;10.2227;0.0203469;0.00835812;3.07674e-05;0.197238;102.663;2457;2525;5000;
3200;0.0200064;-0.157024;10;10.3992;0.0208877;0.00817297;-0.000185078;0;116.736;2412;2579;5000;
3210;0.0202178;-0.153173;9.97999;9.97201;0.019417;0.00806787;1.92639e-05;0.19968;102.398;2496;2494;5000;
3220;0.0268138;-0.154646;9.95183;9.88043;0.0194864;0.00804658;-8.42449e-05;0.479414;99.3879;2506;2479;5000;
3230;0.0301184;-0.16208;10;10.4949;0.0186137;0.00803357;-5.10399e-05;0;109.694;2396;2587;5000;
3240;0.0283822;-0.160064;10;9.71809;0.0177928;0.00787474;-0.000294429;0;102.505;2505;2482;5000;
3250;0.0294988;-0.161368;9.97984;9.82143;0.0177722;0.00851714;-4.58854e-06;0.201206;95.6427;2506;2475;5000;
3260;0.0285034;-0.160183;9.95683;10.3467;0.0187465;0.00813216;-0.000126775;0.429847;103.836;2435;2537;5000;
3270;0.0227964;-0.160818;10;9.8382;0.0188449;0.00804886;0.000127245;0;94.1727;2487;2493;5000;
3280;0.033984;-0.163636;10;9.87895;0.0209539;0.00799703;-0.000250532;0;102.094;2453;2530;5000;
3290;0.0287779;-0.160746;10;9.9169;0.0188136;0.00799977;2.85304e-05;0;109.174;2475;2506;5000;
3300;0.0323038;-0.15673;10;9.96833;0.0192562;0.00730508;8.77139e-05;0;107.046;2462;2518;5000;
3310;0.0237388;-0.155565;10;9.79695;0.0189937;0.00700434;3.78986e-05;0;97.4207;2479;2509;5000;
3320;0.022368;-0.158098;9.97193;9.92418;0.0212943;0.00698512;2.81743e-05;0.279886;99.7149;2497;2487;5000;
3330;0.0250955;-0.15957;10;9.95215;0.0200282;0.00731199;0.000463107;0;102.071;2487;2496;5000;
3340;0.0113971;-0.165034;10;9.97639;0.0186519;0.00757452;0.000135917;0;106.099;2451;2535;5000;
3350;0.0115426;-0.159478;9.95227;10.0644;0.0183433;0.00758813;0.000306977;0.475049;101.122;2482;2502;5000;
3360;0.0254393;-0.156856;10;10.1431;0.0176335;0.00775969;0.000301765;0;104.154;2437;2551;5000;
3370;0.0290466;-0.153534;10;9.68516;0.0165369;0.00716871;4.71815e-05;0;94.3519;2527;2461;5000;
3380;0.034024;-0.15602;9.98401;10;0.0161602;0.00787571;-7.19987e-06;0.159617;95.9968;2490;2498;5000;
3390;0.0333881;-0.156849;9.97174;9.78993;0.0158967;0.00914924;0.000106558;0.281801;94.0106;2514;2470;5000;
3400;0.0388297;-0.159944;10;10.1593;0.0177092;0.00937806;0.000142468;0;101.846;2430;2551;5000;
3410;0.0387455;-0.166277;9.9161;9.93993;0.0180257;0.0102697;0.000320953;0.831954;104.802;2497;2482;5000;
3420;0.0281031;-0.165593;9.76641;9.44776;0.0185714;0.0109425;0.000723779;2.28132;95.2453;2557;2425;5000;
3430;0.0219345;-0.164375;10;10.1162;0.0185378;0.0118702;-4.31431e-05;0;101.87;2454;2525;5000;
3440;0.0137196;-0.160205;9.92114;10.211;0.0169357;0.0126221;0.000450971;0.782424;100.037;2463;2516;5000;
3450;0.0120285;-0.153674;10;9.91663;0.0176873;0.0124553;-1.2954e-05;0;99.0403;2480;2498;5000;
3460;-0.00255994;-0.154414;9.87327;10.0566;0.0171772;0.013028;-0.000177655;1.25127;104.562;2482;2493;5000;
3470;-0.00558588;-0.160268;9.98408;10.0885;0.0178665;0.0139565;0.00047405;0.158919;100.997;2472;2509;5000;
3480;-0.0116329;-0.158989;9.94737;9.71146;0.0178796;0.0143357;0.000172162;0.523546;99.0867;2525;2457;5000;
3490;-0.00401546;-0.157006;10;10.2955;0.0188313;0.0128813;9.23773e-05;0;110.479;2437;2543;5000;
3500;-0.0185504;-0.149691;9.70505;9.37426;0.0192933;0.0129293;5.66452e-05;2.8625;95.2916;2568;2402;5000;
3510;-0.0280261;-0.160689;9.83838;9.56436;0.0193162;0.0141855;-0.000203493;1.59004;97.3944;2546;2435;5000;
3520;-0.0279386;-0.161192;10;9.80701;0.0182315;0.013807;-0.000144954;0;93.8186;2496;2490;5000;
3530;-0.0345004;-0.162939;9.96805;10;0.0167676;0.0143396;0.000255094;0.318468;105.689;2484;2496;5000;
3540;-0.0367674;-0.174132;10;9.97253;0.0176182;0.0139058;2.6533e-05;0;103.414;2442;2541;5000;
3550;-0.0572867;-0.178003;10;9.96043;0.0169728;0.0139049;0.00016631;0;101.858;2465;2517;5000;
3560;-0.0481622;-0.182051;9.82057;9.83949;0.0169267;0.0138281;-0.000156273;1.76206;99.9742;2508;2463;5000;
3570;-0.0451656;-0.191591;9.95253;10.178;0.0180743;0.014366;0.0002588;0.47243;105.874;2453;2516;5000;
3580;-0.0400066;-0.196068;9.80731;9.67318;0.0173244;0.0144808;0.000345944;1.88981;99.6142;2529;2443;5000;
3590;-0.0405314;-0.201186;9.67629;9.95895;0.0172841;0.0145108;-0.00015924;3.13234;101.969;2487;2481;5000;
3600;-0.0413369;-0.19993;10;10.0802;0.017274;0.0149585;0.00106511;0;100.996;2453;2515;5000;
3610;-0.0389225;-0.185109;9.83953;10.2168;0.0176577;0.0143445;0.000281105;1.57895;100.689;2453;2514;5000;
3620;-0.0436749;-0.177886;9.99206;10.1451;0.0157895;0.014654;-4.83106e-05;0.0793335;98.8101;2456;2517;5000;
3630;-0.0449985;-0.169245;9.8102;9.91097;0.0161974;0.0155832;-0.00029136;1.86196;99.2232;2494;2481;5000;
3640;-0.0564618;-0.170932;10;9.87723;0.0157729;0.0158491;-0.000472089;0;100.539;2488;2494;5000;
3650;-0.0589262;-0.164513;9.84806;9.80792;0.0156189;0.0160461;-0.000148204;1.49631;99.4429;2510;2463;5000;
3660;-0.064786;-0.170744;10;9.96849;0.0143179;0.0158037;0.000131334;0;105.159;2448;2531;5000;
3670;-0.0597638;-0.16631;10;9.90585;0.0144982;0.0162825;-0.000109045;0;102.855;2460;2525;5000;
3680;-0.0571343;-0.167829;9.9639;9.90826;0.014401;0.0170715;0.000120027;0.359708;100.151;2499;2484;5000;
3690;-0.0598625;-0.163512;10;9.96011;0.0144396;0.0181311;1.7867e-05;0;98.363;2488;2497;5000;
3700;-0.0626738;-0.162745;9.81597;10.139;0.0130581;0.0185084;-0.000336326;1.80639;97.3642;2474;2507;5000;
3710;-0.068154;-0.167825;9.88249;10.2575;0.0124798;0.0179438;0.000103548;1.16128;103.366;2456;2523;5000;
3720;-0.0536077;-0.180484;10;10.0119;0.0134034;0.0178654;0.000185927;0;104.256;2458;2517;5000;
3730;-0.0592392;-0.179284;10;9.88981;0.0131161;0.0193567;-0.000176974;0;98.1382;2458;2513;5000;
3740;-0.0579152;-0.175615;9.71736;9.64228;0.0143965;0.0187745;0.000662094;2.74655;98.7868;2536;2441;5000;
3750;-0.0586394;-0.174329;9.90412;9.92791;0.0150705;0.0193833;5.34078e-05;0.949655;106.122;2489;2479;5000;
3760;-0.0580384;-0.182594;9.98799;9.97202;0.015369;0.0209738;-0.000242315;0.119952;99.2398;2479;2495;5000;
3770;-0.0569595;-0.193924;10;9.62716;0.0148596;0.0225875;8.94212e-05;0;95.6616;2526;2453;5000;
3780;-0.0602644;-0.19989;10;9.66758;0.0156218;0.0211069;0.000125724;0;95.0401;2502;2472;5000;
3790;-0.0441463;-0.20218;9.78782;10.0244;0.0159996;0.0225379;0.000189642;2.07679;104.521;2482;2491;5000;
3800;-0.0463618;-0.209992;10;9.78698;0.0151545;0.0219564;-0.000558414;0;99.8363;2483;2481;5000;
3810;-0.0394056;-0.200185;10;9.79035;0.0159241;0.0215106;0.000732298;0;93.8247;2496;2475;5000;
3820;-0.0346778;-0.194908;9.70032;9.82955;0.0170491;0.0222492;0.000177152;2.90703;95.4255;2505;2460;5000;
3830;-0.0315177;-0.184595;9.81489;10.061;0.0170116;0.0201453;8.21625e-05;1.81686;100.565;2478;2492;5000;
3840;-0.0318419;-0.182269;10;9.94886;0.0179524;0.0191375;0.000340603;0;104.128;2444;2529;5000;
3850;-0.0356138;-0.178223;10;10.1856;0.0187374;0.0198998;-5.27351e-06;0;106.218;2441;2525;5000;
3860;-0.0479252;-0.18457;10;10.0641;0.017331;0.0183232;0.000326096;0;106.844;2455;2513;5000;
3870;-0.0498303;-0.166236;10;10.2311;0.0161982;0.017212;-6.87231e-05;0;104.488;2409;2568;5000;
3880;-0.0596184;-0.168449;9.71406;9.64948;0.0158273;0.0160577;6.33171e-05;2.77765;92.1011;2535;2446;5000;
3890;-0.0503757;-0.167889;10;9.85731;0.0171398;0.0143002;0.000316455;0;100.971;2493;2487;5000;
3900;-0.050577;-0.174133;10;9.94501;0.0174838;0.0151375;1.02903e-05;0;100.39;2442;2532;5000;
3910;-0.0617369;-0.172166;9.97617;10.1209;0.0176168;0.0168871;0.000745863;0.237717;101.839;2465;2512;5000;
3920;-0.0662355;-0.167899;10;9.84003;0.0175093;0.0178362;-0.000620651;0;104.969;2458;2522;5000;
3930;-0.0570507;-0.183642;10;10.2663;0.0174445;0.0177108;9.24172e-05;0;105.533;2386;2583;5000;
3940;-0.0714787;-0.182825;9.71014;9.95505;0.017367;0.0175785;0.000467574;2.81453;96.6469;2491;2479;5000;
3950;-0.0572583;-0.182415;9.86427;9.87575;0.0180012;0.0173039;0.000585067;1.33886;96.3773;2504;2471;5000;
3960;-0.0559484;-0.194275;10;10.016;0.0166744;0.0164849;0.000391964;0;97.6816;2468;2506;5000;
3970;-0.0500323;-0.189598;9.68335;9.90991;0.0174509;0.0161944;0.00018179;3.06627;100.401;2496;2477;5000;
3980;-0.0392936;-0.196824;10;9.92555;0.0171281;0.016204;5.89947e-05;0;100.582;2437;2533;5000;
3990;-0.05157;-0.19108;9.99593;9.67336;0.0156927;0.0155406;-6.10332e-05;0.0406504;98.3191;2523;2458;5000;
4000;-0.0496333;-0.188603;10;10.0401;0.0174158;0.0154889;-0.000682059;0;104.085;2476;2506;5000;
4010;-0.0460813;-0.203532;9.82237;9.56401;0.0172252;0.0139827;-0.000139047;1.74479;91.4469;2542;2433;5000;
4020;-0.042196;-0.210096;10;10.08;0.0183217;0.013759;0.000100629;0;106.314;2454;2520;5000;
4030;-0.0346096;-0.210948;9.81386;9.92727;0.0197317;0.0125465;9.71027e-06;1.82674;98.1765;2491;2478;5000;
4040;-0.0367707;-0.21007;9.78599;10.2305;0.0171317;0.0131424;-0.000216384;2.09428;94.9263;2451;2515;5000;
4050;-0.0467881;-0.21181;9.83275;10.3458;0.0165904;0.0131929;0.000395041;1.64453;105.768;2444;2528;5000;
4060;-0.0401471;-0.221019;10;10.1649;0.0162251;0.0124494;0.000262118;0;101.139;2444;2527;5000;
4070;-0.038089;-0.22231;10;9.85347;0.0169679;0.0121489;1.71095e-06;0;99.8993;2476;2488;5000;
4080;-0.0432525;-0.227822;10;10.0478;0.0160312;0.0138655;-1.20262e-05;0;102.789;2439;2520;5000;
4090;-0.0470165;-0.229194;10;9.8256;0.0170959;0.0147163;-0.00010826;0;95.5701;2489;2479;5000;
4100;-0.0538271;-0.226928;9.77839;9.95552;0.0160052;0.0141328;6.26129e-05;2.16696;98.0571;2481;2471;5000;
4110;-0.0529259;-0.227996;9.72332;9.81377;0.0161314;0.0127639;0.000161607;2.69025;102.313;2496;2460;5000;
4120;-0.0425854;-0.227669;10;9.88501;0.0163242;0.0109033;-0.000204794;0;99.9471;2485;2493;5000;
4130;-0.0396887;-0.220177;10;10.2307;0.014722;0.0111893;0.00045585;0;112.516;2403;2572;5000;
4140;-0.0365682;-0.215305;10;10.0278;0.0143789;0.0104576;0.000297775;0;105.561;2454;2524;5000;
4150;-0.0384193;-0.222996;9.80746;9.66494;0.0141254;0.0106331;6.0637e-05;1.88832;98.6512;2526;2445;5000;
4160;-0.0485778;-0.223451;10;9.51775;0.0133743;0.0106745;0.000304972;0;101.041;2500;2467;5000;
4170;-0.0309796;-0.2223;9.69116;9.89353;0.0149739;0.0118129;-0.00019784;2.99297;99.1697;2497;2479;5000;
4180;-0.0140016;-0.226264;9.8905;10.352;0.0159474;0.0125989;-0.000259803;1.08304;108.431;2442;2529;5000;
4190;-0.0240426;-0.215794;9.69565;9.72065;0.0141384;0.0121498;0.000183785;2.95085;96.8046;2523;2453;5000;
4200;-0.0220159;-0.224079;10;10.0516;0.0130274;0.0112744;0.000254214;0;105.831;2440;2533;5000;
4210;-0.0212849;-0.222624;9.8495;10.0404;0.0122023;0.0108514;-0.000240564;1.4823;102.463;2478;2487;5000;
4220;-0.0207675;-0.232754;10;10.0439;0.0111776;0.0119729;-8.22251e-05;0;102.313;2449;2516;5000;
4230;-0.0215742;-0.227092;10;9.96887;0.0105252;0.0101148;7.22483e-05;0;105.758;2408;2562;5000;
4240;-0.0156252;-0.223681;9.89541;9.7852;0.00983172;0.0113659;-0.000256689;1.03492;97.4877;2511;2460;5000;
4250;-0.0116876;-0.221919;9.96838;10.2105;0.0105775;0.0106693;7.1526e-05;0.315206;100.037;2455;2522;5000;
4260;-0.00917082;-0.22756;10;9.94433;0.00956096;0.0117969;0.000295301;0;103.218;2463;2501;5000;
4270;-0.00521793;-0.229391;10;10.5306;0.00925549;0.0116033;0.000371664;0;102.739;2386;2580;5000;
4280;0.00158602;-0.232446;9.97582;9.82533;0.0100375;0.0121157;-9.32413e-05;0.241253;99.2946;2492;2475;5000;
4290;-0.000208687;-0.228222;10;9.64706;0.00940022;0.0119049;0.000447442;0;98.6205;2514;2460;5000;
4300;0.00503459;-0.238959;9.88911;10.0889;0.00876639;0.0119612;0.000138552;1.09661;100.194;2476;2497;5000;
4310;0.00887891;-0.219855;9.85536;10.2948;0.00888815;0.0103165;-6.78847e-06;1.42552;104.172;2449;2521;5000;
4320;0.00739074;-0.224763;10;9.7243;0.00956012;0.00989366;-0.000225885;0;98.8606;2496;2469;5000;
4330;0.00429798;-0.220003;10;10.3459;0.00845614;0.0099717;0.000101662;0;106.558;2405;2572;5000;
4340;-0.00286321;-0.220244;10;9.65076;0.00882932;0.0097085;-0.00018016;0;99.4512;2485;2487;5000;
4350;-0.00451405;-0.20923;10;10.0722;0.00853802;0.00868549;-7.04847e-05;0;102.964;2469;2510;5000;
4360;-0.00781518;-0.203831;10;9.73828;0.00832861;0.00853841;0.00049776;0;104.658;2481;2493;5000;
4370;-0.00867739;-0.205974;9.81651;9.79543;0.0088905;0.00825636;0.000119376;1.8012;102.445;2513;2461;5000;
4380;0.000205709;-0.213762;10;9.90181;0.00930426;0.00882902;0.000179288;0;102.229;2460;2521;5000;
4390;0.000220611;-0.2095;9.94458;10.1536;0.00971752;0.00812886;-0.000168598;0.551164;97.5512;2463;2512;5000;
4400;0.0011308;-0.205443;9.97567;9.70797;0.00918536;0.00845561;6.72144e-05;0.242717;98.0205;2515;2460;5000;
4410;0.00488647;-0.205944;9.95251;10.1698;0.0089437;0.00825355;0.000265077;0.472616;99.2837;2466;2515;5000;
4420;0.000422948;-0.203866;10;10.0396;0.00954623;0.00777004;0.000124259;0;106.802;2437;2538;5000;
4430;-0.00354286;-0.203972;10;10.008;0.00841411;0.00826349;7.60971e-06;0;100.04;2475;2501;5000;
4440;-0.0113025;-0.202502;10;10.1084;0.00823228;0.00787351;-3.74944e-05;0;105.368;2459;2518;5000;
4450;-0.0143031;-0.201794;10;10.0393;0.00885363;0.00770638;5.78893e-05;0;106.44;2423;2556;5000;
4460;-0.0149727;-0.213155;10;9.76461;0.00925061;0.00767259;-8.11737e-05;0;105.319;2481;2489;5000;
4470;-0.0161239;-0.216063;9.71978;9.54037;0.00880538;0.00735639;0.000323409;2.72372;96.1516;2551;2428;5000;
4480;-0.0237581;-0.217115;9.83234;9.85571;0.00982934;0.0079354;8.65047e-05;1.64854;96.9732;2504;2463;5000;
4490;-0.0334605;-0.220767;10;10.2463;0.0113248;0.00828755;9.19724e-05;0;104.985;2394;2579;5000;
4500;-0.0188653;-0.222701;9.90095;10.0565;0.0113201;0.00816461;5.07292e-05;0.980681;101.047;2479;2499;5000;
4510;-0.0236225;-0.231588;9.98007;10.0522;0.0110354;0.00842428;0.000112969;0.198885;99.8367;2466;2504;5000;
4520;-0.028327;-0.237473;10;9.99603;0.0118883;0.00997526;0.000351644;0;107.061;2455;2520;5000;
4530;-0.0246779;-0.244075;9.88292;9.70273;0.0126371;0.00945813;8.37876e-05;1.15706;101.735;2512;2448;5000;
4540;-0.0209603;-0.246672;9.60573;9.37726;0.0134273;0.00898053;0.000159641;3.78721;93.0232;2562;2412;5000;
4550;-0.024086;-0.251794;9.84013;9.82786;0.0130513;0.00939094;-0.000285153;1.57316;99.0496;2509;2462;5000;
4560;-0.0208076;-0.254588;10;9.96063;0.0113815;0.00924662;-5.3779e-05;0;104.565;2425;2530;5000;
4570;-0.0240161;-0.260755;9.83587;9.78417;0.0123292;0.00962606;-9.43728e-05;1.61437;95.7168;2510;2457;5000;
4580;-0.0201382;-0.256709;10;10.0119;0.0131489;0.00874359;0.000302075;0;102.65;2421;2531;5000;
4590;-0.0225797;-0.258973;9.83646;9.8556;0.0141933;0.00832899;-0.00029694;1.60867;103.549;2507;2466;5000;
4600;-0.0225813;-0.252662;9.86667;9.67129;0.0143051;0.00848925;-0.000170171;1.31556;99.4167;2514;2442;5000;
4610;-0.0208053;-0.255219;10;9.96043;0.0143303;0.0088853;6.16419e-05;0;100.909;2444;2517;5000;
4620;-0.00701715;-0.254219;10;9.82622;0.0157007;0.00764677;0.000490475;0;104.709;2475;2488;5000;
4630;-0.00630566;-0.259192;10;10.1564;0.0153491;0.00733596;0.000432271;0;98.5722;2433;2533;5000;
4640;-0.00965846;-0.257337;10;10.2398;0.0179614;0.00772245;0.000186833;0;107.456;2403;2562;5000;
4650;-0.0171218;-0.256242;10;10.2288;0.0187765;0.00718507;-0.00011441;0;104.042;2418;2548;5000;
4660;-0.0146835;-0.258829;9.99595;9.74329;0.0200443;0.00728689;-5.26996e-05;0.0405022;97.288;2495;2467;5000;
4670;-0.00347616;-0.256535;10;10.1308;0.0214385;0.00769934;0.000177779;0;104.067;2413;2555;5000;
4680;-0.0137969;-0.253579;9.71173;10.0945;0.0219796;0.00678797;-0.000171909;2.79964;109.773;2470;2493;5000;
4690;0.00229718;-0.260165;9.89307;10.0929;0.0240146;0.00722565;0.00016326;1.05787;101.042;2474;2498;5000;
4700;-0.0060845;-0.268132;10;10.1043;0.024458;0.00780604;0.000509509;0;104.805;2447;2518;5000;
4710;-0.0110722;-0.271398;10;9.88619;0.0252765;0.0076597;-2.09718e-05;0;99.5553;2446;2519;5000;
4720;-0.00215006;-0.272976;10;10.3982;0.0238607;0.00835177;0.000124671;0;106.058;2410;2559;5000;
4730;0.00220506;-0.273091;10;9.9564;0.0224011;0.00842737;0.000383582;0;103.486;2450;2512;5000;
4740;-0.00618328;-0.276314;10;9.9013;0.0212851;0.0091264;0.000163528;0;101.569;2447;2508;5000;
4750;-0.00827832;-0.277126;10;9.69685;0.0217042;0.00920533;-8.39773e-05;0;97.926;2465;2495;5000;
4760;-0.00925842;-0.279016;10;10.1599;0.0217205;0.00958116;0.000384849;0;104.451;2414;2542;5000;
4770;-0.00470257;-0.278069;10;9.86582;0.023987;0.00925019;0.000177459;0;99.2717;2453;2500;5000;
4780;0.00854302;-0.274197;9.99602;10.0844;0.0232217;0.00750705;0.000166033;0.0398089;108.912;2438;2510;5000;
4790;0.0167902;-0.272613;9.96006;9.99199;0.0233424;0.00724432;-0.000259297;0.397766;101.282;2465;2494;5000;
4800;0.0446256;-0.27238;10;9.90126;0.0234408;0.00762953;0.000147866;0;106.27;2445;2507;5000;
4810;0.0583691;-0.276156;10;10.0398;0.0252726;0.00791138;0.000222983;0;106.161;2439;2525;5000;
4820;0.0677238;-0.274281;9.64612;9.61368;0.0264017;0.00790313;9.24849e-05;3.41354;98.6838;2528;2426;5000;
4830;0.055401;-0.273953;10;10.1648;0.0281116;0.00765423;-0.000157153;0;104.756;2419;2529;5000;
4840;0.0558956;-0.264961;9.77282;9.81935;0.0260896;0.00815182;2.53865e-05;2.22021;94.588;2502;2452;5000;
4850;0.057217;-0.257253;9.97598;9.96003;0.0259575;0.00765334;0.000197513;0.239615;98.7194;2469;2492;5000;
4860;0.059305;-0.254646;10;10.2508;0.0241532;0.00806929;0.000183201;0;103.335;2436;2534;5000;
4870;0.0621031;-0.258396;9.81585;9.71223;0.0262172;0.00912135;0.000307304;1.80756;94.8812;2517;2452;5000;
4880;0.0606869;-0.250952;10;10;0.0249561;0.0084418;-0.000175549;0;104.038;2456;2501;5000;
4890;0.0561222;-0.259349;9.99596;9.79802;0.0241864;0.00856904;0.000130495;0.0403877;99.5632;2468;2474;5000;
4900;0.0603486;-0.253636;9.88547;10.1418;0.0238271;0.0080132;4.81181e-05;1.13222;99.048;2455;2503;5000;
4910;0.0670363;-0.24767;9.9681;10.0321;0.0231664;0.00695096;-0.000124478;0.317962;100.4;2476;2500;5000;
4920;0.0711051;-0.241618;10;10.1995;0.022305;0.00642808;-3.20501e-05;0;101.636;2412;2556;5000;
4930;0.0750516;-0.242245;9.81804;10;0.0229531;0.00688864;6.17343e-05;1.78651;95.6311;2483;2482;5000;
4940;0.0809288;-0.248621;9.88138;10.1012;0.0231443;0.0074592;-9.61446e-05;1.17217;99.5041;2476;2499;5000;
4950;0.0732596;-0.24951;10;10.1849;0.0212749;0.00708938;-4.15204e-05;0;101.172;2432;2534;5000;
4960;0.0689492;-0.247812;10;10.04;0.0226265;0.00693741;-0.000444378;0;104.037;2465;2511;5000;
4970;0.0732383;-0.251995;10;9.57055;0.0222819;0.00679954;0.00014608;0;103.727;2464;2496;5000;
4980;0.0822578;-0.258797;10;9.61029;0.0207913;0.00681557;2.06199e-05;0;102.031;2502;2466;5000;
4990;0.0830722;-0.260985;10;9.92894;0.0216268;0.00715753;0.000907349;0;101.85;2453;2515;5000;
5000;0.0839082;-0.259719;9.87879;9.68317;0.021922;0.0080477;0.000760923;1.19743;94.6323;2520;2445;5000;
5010;0.0762272;-0.251496;10;9.90963;0.0211877;0.00762679;-1.72204e-05;0;98.5773;2451;2522;5000;
5020;0.0752062;-0.243543;10;9.96068;0.0204338;0.0077149;2.96776e-05;0;102.633;2440;2533;5000;
5030;0.0759217;-0.241239;10;9.87485;0.0212631;0.00757273;9.09803e-05;0;101.118;2450;2525;5000;
5040;0.0792731;-0.245325;10;10.0791;0.0208793;0.00777675;-0.000109137;0;105.294;2425;2548;5000;
5050;0.0751463;-0.245363;10;9.8;0.0207624;0.00767256;0.000163748;0;96.5482;2464;2499;5000;
5060;0.0917274;-0.247416;10;10.1002;0.0228485;0.00772919;-0.000309554;0;104.277;2444;2521;5000;
5070;0.101493;-0.237718;10;9.81;0.0224278;0.0077022;0.000208746;0;104.307;2436;2530;5000;
5080;0.095122;-0.235371;10;9.90551;0.0237519;0.00784847;-0.000240352;0;103.377;2452;2516;5000;
5090;0.0925182;-0.229845;9.80167;9.86688;0.0255409;0.00820877;5.09255e-05;1.944;96.4325;2498;2471;5000;
5100;0.0890137;-0.232738;9.92877;10.1456;0.0247586;0.00861567;0.000156948;0.707233;99.534;2456;2509;5000;
5110;0.103897;-0.221508;10;9.44531;0.0250805;0.0083125;0.00025584;0;94.3781;2543;2435;5000;
5120;0.103885;-0.217509;9.90916;10.1661;0.0237998;0.00802396;-0.000445339;0.900121;103.092;2466;2509;5000;
5130;0.10652;-0.212383;9.93572;9.84867;0.0250333;0.00768579;3.67253e-05;0.638696;100.574;2498;2473;5000;
5140;0.105681;-0.204161;10;9.98818;0.0263757;0.00753962;0.000248965;0;104.096;2441;2536;5000;
5150;0.112994;-0.208698;9.85731;9.99596;0.027606;0.0078888;0.000295474;1.40651;97.3355;2484;2487;5000;
5160;0.112898;-0.213354;9.71859;9.71336;0.0278112;0.00864827;0.000189042;2.73492;94.3466;2522;2452;5000;
5170;0.122758;-0.210233;9.80777;9.69636;0.0266793;0.00874038;4.11081e-05;1.88535;97.3908;2525;2449;5000;
5180;0.121794;-0.213867;10;10.0671;0.0285943;0.00866067;3.59989e-05;0;104.063;2419;2549;5000;
5190;0.118644;-0.213918;9.82372;9.72843;0.0275224;0.00865543;0.000146334;1.73175;94.1755;2522;2452;5000;
5200;0.119128;-0.209734;10;10.0519;0.0284195;0.00788878;-0.000103895;0;104.069;2460;2518;5000;
5210;0.133378;-0.205581;9.93437;9.45355;0.0296002;0.00782965;-0.000576149;0.651969;93.3782;2546;2422;5000;
5220;0.128373;-0.201597;9.80088;9.74689;0.0297612;0.00806413;-1.97113e-06;1.95159;97.2039;2518;2461;5000;
5230;0.143439;-0.192564;10;9.92883;0.0292668;0.00765231;-0.000315185;0;106.203;2460;2511;5000;
5240;0.145672;-0.188187;9.9921;10.2594;0.0271722;0.00798943;0.000106884;0.0788954;107.918;2447;2531;5000;
5250;0.138883;-0.187367;9.87451;10.1959;0.0286947;0.00735018;-0.000290055;1.23915;103.88;2466;2518;5000;
5260;0.131951;-0.186677;10;10.0869;0.0291697;0.00743861;0.000458429;0;109.514;2423;2553;5000;
5270;0.130568;-0.18389;10;9.99608;0.0267654;0.00662152;0.000226732;0;106.669;2435;2548;5000;
5280;0.121579;-0.185983;9.90916;10.158;0.0272931;0.00699347;0.000124524;0.900121;102.204;2473;2509;5000;
5290;0.124331;-0.186785;10;10.0079;0.027826;0.00615465;-0.000444546;0;105.089;2442;2537;5000;
5300;0.12918;-0.179343;9.9098;10.3102;0.0260602;0.00598075;0.000381353;0.893825;100.72;2451;2527;5000;
5310;0.133673;-0.176976;10;10.2293;0.0248306;0.0060725;9.38814e-05;0;107.55;2429;2543;5000;
5320;0.126809;-0.172191;9.9799;9.88455;0.0255076;0.0055333;9.35139e-05;0.200561;99.6284;2499;2483;5000;
5330;0.116214;-0.175456;9.88876;9.98792;0.0261967;0.00559936;6.12169e-05;1.10006;101.289;2493;2489;5000;
5340;0.10584;-0.181291;10;9.9961;0.0256339;0.00590422;-0.000171082;0;103.552;2422;2561;5000;
5350;0.108995;-0.186134;10;9.71609;0.0259756;0.00638627;0.000141529;0;97.1591;2515;2464;5000;
5360;0.116606;-0.182986;9.70197;9.37624;0.0276766;0.00617389;0.000131575;2.89145;96.3531;2559;2409;5000;
5370;0.113344;-0.182515;10;10.3984;0.0284896;0.00627954;-0.000393811;0;105.939;2422;2558;5000;
5380;0.113141;-0.180674;10;9.97626;0.0280451;0.006852;3.65043e-05;0;106.845;2460;2521;5000;
5390;0.1111;-0.17551;10;10.02;0.0298011;0.00596557;0.000281485;0;101.837;2477;2508;5000;
5400;0.105087;-0.176076;9.70506;9.55841;0.029656;0.00656262;0.000310995;2.86239;92.2177;2541;2435;5000;
5410;0.0965057;-0.174582;10;10.0158;0.0298114;0.00635641;-0.000539167;0;102.653;2454;2529;5000;
5420;0.113649;-0.170416;10;9.56199;0.0298758;0.0059896;-7.11291e-06;0;94.5285;2543;2445;5000;
5430;0.123345;-0.166312;10;9.84146;0.02831;0.00534419;-0.000421893;0;98.984;2494;2483;5000;
5440;0.123132;-0.167449;9.76378;9.93089;0.0302759;0.00514135;0.00019717;2.3064;100.117;2499;2480;5000;
5450;0.126202;-0.163358;10;9.72408;0.0305436;0.00484874;0.000367004;0;101.619;2521;2467;5000;
5460;0.10934;-0.162819;10;9.55357;0.0302203;0.00466159;-0.000132154;0;99.2184;2520;2461;5000;
5470;0.112233;-0.165975;10;10.0117;0.0303218;0.00476488;8.66433e-05;0;103.046;2416;2564;5000;
5480;0.119144;-0.16692;10;9.81416;0.0299041;0.00432175;-0.000228979;0;96.8812;2491;2482;5000;
5490;0.134371;-0.167003;10;9.83037;0.0311244;0.0045393;0.000136317;0;98.5511;2483;2492;5000;
5500;0.138616;-0.161791;10;10.0704;0.0317965;0.00488155;0.000249864;0;109.655;2404;2575;5000;
5510;0.123742;-0.160788;10;9.55434;0.0307931;0.00466263;8.84657e-06;0;92.8428;2538;2444;5000;
5520;0.116468;-0.166395;10;10.0953;0.0303384;0.00468907;-0.000188803;0;105.112;2439;2543;5000;
5530;0.108764;-0.169105;9.92765;9.82882;0.0299413;0.00538208;6.80261e-05;0.718239;102.081;2514;2470;5000;
5540;0.09512;-0.171714;9.74318;9.81369;0.0317509;0.00513006;0.00013914;2.5022;102.841;2521;2466;5000;
5550;0.0706966;-0.174815;10;10.2135;0.0299269;0.00479337;1.88982e-05;0;107.005;2450;2535;5000;
5560;0.0701156;-0.170677;9.73715;9.91432;0.0297865;0.0045356;0.000254805;2.55939;102.93;2508;2482;5000;
5570;0.0817825;-0.17666;10;10.2279;0.0313565;0.0045695;-1.61372e-06;0;107.785;2422;2558;5000;
5580;0.0739269;-0.178142;9.98383;9.77048;0.0293441;0.00531493;2.91087e-05;0.161485;102.045;2519;2469;5000;
5590;0.0758422;-0.179458;10;10.0437;0.02954;0.00573835;-0.000396943;0;100.593;2451;2531;5000;
5600;0.0772768;-0.178537;10;10.0961;0.028264;0.00571739;-0.000109907;0;98.1493;2457;2522;5000;
5610;0.0964122;-0.17161;9.8407;9.83126;0.0274176;0.0055605;0.00023344;1.56761;100.413;2509;2471;5000;
5620;0.104183;-0.170134;10;10.0559;0.0277405;0.00538094;0.000296424;0;99.0392;2466;2520;5000;
5630;0.0989944;-0.173166;10;9.71875;0.0262937;0.00512879;6.15412e-06;0;98.3584;2506;2488;5000;
5640;0.0906942;-0.17009;10;10.1277;0.0245745;0.00525429;1.72014e-05;0;103.137;2451;2537;5000;
5650;0.0871255;-0.171246;10;10.1399;0.0244416;0.00579938;3.98599e-05;0;102.898;2438;2537;5000;
5660;0.089063;-0.173228;10;10.0998;0.0262472;0.00569443;0.000134857;0;101.747;2456;2530;5000;
5670;0.0853778;-0.171437;9.92505;10.2069;0.0257742;0.00560529;-3.23316e-05;0.743889;105.069;2457;2516;5000;
5680;0.0861253;-0.168516;10;10.016;0.0256206;0.00559317;-2.31386e-05;0;102.076;2482;2508;5000;
5690;0.0994812;-0.17433;9.87337;10;0.0251502;0.00576085;0.000165283;1.25029;97.9377;2492;2495;5000;
5700;0.0900184;-0.173162;9.93973;9.85265;0.024312;0.00581308;-0.000148494;0.59902;101.731;2504;2474;5000;
5710;0.0852027;-0.171111;9.75128;9.83381;0.0229079;0.00585101;2.10346e-05;2.42531;91.6222;2514;2470;5000;
5720;0.0824332;-0.174231;10;9.9127;0.0236891;0.00624731;0.000236239;0;103.484;2484;2498;5000;
5730;0.0875987;-0.171286;9.77182;9.57634;0.0224417;0.00602952;-8.49947e-05;2.22976;95.3441;2545;2441;5000;
5740;0.0788576;-0.173872;9.90506;10.0769;0.0224131;0.00640512;0.000109297;0.940354;96.1511;2487;2504;5000;
5750;0.09141;-0.170484;10;10.0994;0.0225926;0.00564816;0.000275051;0;102.296;2447;2540;5000;
5760;0.091329;-0.171887;9.69457;9.66922;0.021602;0.00604692;0.000230663;2.96105;94.1221;2541;2444;5000;
5770;0.093183;-0.177332;9.98802;10.02;0.0218554;0.00642096;0.00029727;0.119665;94.5108;2480;2501;5000;
5780;0.0718306;-0.190126;10;9.97234;0.0211024;0.00626137;0.000293496;0;99.051;2458;2524;5000;
5790;0.088896;-0.19176;9.79101;9.97971;0.0210707;0.00687677;1.16368e-05;2.04623;103.043;2499;2483;5000;
5800;0.0922364;-0.188587;10;9.87357;0.0229239;0.00568486;0.00054517;0;100.103;2483;2499;5000;
5810;0.0928689;-0.187402;9.60377;9.67768;0.0239925;0.00561009;9.83296e-05;3.80534;97.8561;2529;2448;5000;
5820;0.0919507;-0.189393;10;10.1642;0.0232759;0.00608045;0.000242223;0;106.06;2444;2538;5000;
5830;0.0859413;-0.193171;9.76998;10.1766;0.0227269;0.0066442;7.9321e-05;2.24729;103.336;2470;2506;5000;
5840;0.0880768;-0.19016;9.94775;9.85271;0.0234017;0.0067449;0.000173159;0.519778;95.4003;2508;2475;5000;
5850;0.109774;-0.186184;10;9.80852;0.0235862;0.00711819;0.000587591;0;96.6808;2470;2510;5000;
5860;0.0957159;-0.188238;9.93585;9.88827;0.0231741;0.00706878;-3.06724e-05;0.637424;96.3961;2503;2478;5000;
5870;0.0879746;-0.182716;10;9.64091;0.0241253;0.00683851;3.43614e-05;0;99.3246;2516;2470;5000;
5880;0.0894927;-0.18673;10;10.0118;0.0251133;0.0074409;0.000674774;0;100.908;2444;2537;5000;
5890;0.0867786;-0.181115;9.36689;9.16972;0.024227;0.00743766;0.000153674;5.93028;92.2695;2594;2382;5000;
5900;0.0874453;-0.180476;10;10.0673;0.0239057;0.00773052;0.000226933;0;103.243;2438;2542;5000;
5910;0.0803984;-0.181094;10;9.68947;0.0226186;0.00699831;-0.000113869;0;94.3611;2519;2465;5000;
5920;0.0797504;-0.181901;9.90095;10.0687;0.0217061;0.00678594;6.88704e-05;0.980681;102.297;2481;2499;5000;
5930;0.0755356;-0.184147;10;9.89674;0.0235623;0.00694231;0.000123226;0;105.39;2485;2492;5000;
5940;0.0750488;-0.185298;10;9.99601;0.0223303;0.00685205;0.000149629;0;99.4816;2472;2507;5000;
5950;0.0665003;-0.1848;9.61388;9.86864;0.0228494;0.00761207;0.000263102;3.71207;102.282;2517;2465;5000;
5960;0.0698421;-0.185977;10;10.0039;0.0248857;0.00726767;-2.2089e-05;0;101.736;2441;2536;5000;
5970;0.0609909;-0.190404;9.82318;10.11;0.0244148;0.0069158;-0.000101507;1.73691;103.817;2477;2500;5000;
5980;0.0489039;-0.199536;10;9.63467;0.0229813;0.00699774;0.000226979;0;97.9621;2497;2479;5000;
5990;0.039111;-0.20063;9.83685;9.87133;0.0221072;0.00690285;0.000649038;1.6049;99.8628;2506;2472;5000;
6000;0.0285062;-0.197672;10;9.64272;0.0217219;0.00651606;0.000126164;0;98.3578;2495;2483;5000;
6010;0.0364193;-0.195649;9.9201;9.94393;0.0231635;0.00656055;0.000180073;0.792656;98.9957;2495;2483;5000;
6020;0.0344772;-0.201518;10;9.92067;0.0206327;0.00662427;0.000143232;0;97.8914;2479;2501;5000;
6030;0.0255428;-0.198766;10;10.1154;0.0207174;0.00651955;6.25233e-05;0;109.334;2435;2543;5000;
6040;0.0143801;-0.200906;9.64838;10.0207;0.0209401;0.00647003;0.000433005;3.39259;103.689;2484;2497;5000;
6050;0.0212285;-0.204374;10;9.95618;0.0221361;0.00658139;2.70853e-05;0;98.2849;2484;2499;5000;
6060;0.0127764;-0.209799;10;10.1286;0.0223704;0.00687833;-0.000113238;0;102.354;2456;2521;5000;
6070;0.0124175;-0.212286;9.94862;10.1903;0.0199124;0.00609795;0.000215712;0.511194;103.405;2450;2517;5000;
6080;0.0110544;-0.213763;10;10.1847;0.0201421;0.00618885;-4.50074e-05;0;102.857;2442;2536;5000;
6090;0.0120334;-0.216743;10;9.95626;0.0198099;0.00635399;0.000258006;0;101.191;2472;2504;5000;
6100;0.026632;-0.219584;9.98801;10.004;0.0195368;0.00600405;0.000320884;0.11976;103.803;2475;2499;5000;
6110;0.0344528;-0.21815;10;9.85404;0.0196789;0.00606956;0.000205127;0;99.1897;2475;2498;5000;
6120;0.0277461;-0.219906;9.996;9.988;0.0186962;0.00586258;-0.000121535;0.04;101.759;2476;2498;5000;
6130;0.0254947;-0.215919;10;10.024;0.0190552;0.00585678;0.000131454;0;106.762;2470;2505;5000;
6140;0.0199509;-0.218255;10;9.76089;0.0186448;0.00602308;0.000231301;0;101.833;2437;2531;5000;
6150;0.0267113;-0.221368;10;10.3814;0.0198613;0.00611958;0.000218879;0;108.445;2397;2586;5000;
6160;0.0329967;-0.222157;9.62397;9.76298;0.020375;0.0055228;8.57776e-05;3.61888;97.124;2512;2457;5000;
6170;0.0346668;-0.220153;9.95251;10.1698;0.0204626;0.00572821;0.000118208;0.472616;103.166;2459;2515;5000;
6180;0.034037;-0.222381;9.88005;9.88796;0.0213342;0.00555134;2.77909e-05;1.18513;97.1463;2500;2471;5000;
6190;0.0508486;-0.230213;10;10.0561;0.02054;0.00576399;2.38249e-05;0;102.68;2455;2511;5000;
6200;0.0509102;-0.236849;9.41289;9.72849;0.0206031;0.00628116;-0.000391537;5.52637;97.8795;2518;2453;5000;
6210;0.0580082;-0.233541;10;10.0759;0.0217072;0.00654134;0.000140516;0;105.306;2447;2523;5000;
6220;0.0491245;-0.236908;9.74227;9.79822;0.0209351;0.006017;-0.000104378;2.51089;103.43;2515;2457;5000;
6230;0.0477137;-0.234238;9.7737;10.1477;0.0221054;0.00656269;6.55952e-05;2.21176;101.579;2467;2505;5000;
6240;0.0382624;-0.233512;10;10.0556;0.0213955;0.00722746;0.000198635;0;103.371;2438;2533;5000;
6250;0.0202245;-0.233117;9.80016;9.76781;0.0235186;0.00733;-0.000146841;1.95847;100.907;2513;2452;5000;
6260;0.0213961;-0.240245;10;10.0239;0.022897;0.00693314;-0.000297449;0;102.03;2445;2517;5000;
6270;0.0203766;-0.245413;9.89196;9.88405;0.0230118;0.00706979;0.000189068;1.06876;101.426;2493;2472;5000;
6280;0.0279311;-0.246725;9.8556;9.79657;0.0217186;0.00699536;-0.000121255;1.42319;102.432;2512;2457;5000;
6290;0.0182733;-0.246976;9.85507;9.69396;0.0216967;0.00711903;0.000377459;1.42827;96.4485;2522;2448;5000;
6300;0.0364362;-0.250897;9.91118;9.73048;0.0219835;0.00692832;0.000156402;0.880283;100.046;2521;2455;5000;
6310;0.0496832;-0.251946;9.60814;10.1502;0.0203546;0.00725753;-0.000107244;3.765;98.9345;2462;2501;5000;
6320;0.048441;-0.253864;10;9.97228;0.0213935;0.00709362;6.71165e-05;0;105.94;2447;2518;5000;
6330;0.0473019;-0.255397;10;9.76088;0.021256;0.0069965;-0.000275515;0;96.9636;2468;2490;5000;
6340;0.0389765;-0.255197;9.59;9.8155;0.0192953;0.00611248;8.20321e-05;3.93186;99.638;2512;2456;5000;
6350;0.0401636;-0.256576;10;10.1;0.0205489;0.00666862;0.000310064;0;104.712;2434;2524;5000;
6360;0.0447206;-0.265839;10;10.2145;0.0193817;0.00675877;0.000344667;0;105.715;2393;2571;5000;
6370;0.0457618;-0.26412;9.76461;10.0857;0.0208666;0.00682452;3.22036e-05;2.29846;101.298;2467;2489;5000;
6380;0.0542486;-0.269057;10;10.2139;0.0211276;0.00672021;8.58508e-05;0;102.577;2434;2531;5000;
6390;0.0550354;-0.261048;10;10.2165;0.0199592;0.00611686;0.000275254;0;101.798;2420;2548;5000;
6400;0.0526494;-0.259103;10;10.1924;0.020762;0.00549991;-2.58311e-05;0;104.332;2437;2543;5000;
6410;0.0559682;-0.258916;10;10.0396;0.0199872;0.0058545;-0.00010122;0;102.65;2423;2537;5000;
6420;0.0672552;-0.256029;9.97586;9.86476;0.0203452;0.00587993;-0.000172805;0.240769;101.891;2482;2480;5000;
6430;0.060956;-0.254439;10;10.008;0.0199113;0.00606312;2.14375e-05;0;99.2038;2461;2514;5000;
6440;0.0652317;-0.253856;9.79738;9.85904;0.0186475;0.00540562;-0.000113581;1.98517;100.141;2500;2466;5000;
6450;0.0598051;-0.253809;9.90669;10.4942;0.0203454;0.00609127;-7.80485e-05;0.924419;104.121;2416;2548;5000;
6460;0.0523838;-0.252221;10;10.1813;0.0195841;0.00661855;0.000258185;0;105.245;2438;2527;5000;
6470;0.0570441;-0.253471;10;9.79264;0.0210538;0.00606517;0.000251576;0;102.5;2466;2503;5000;
6480;0.0499554;-0.249352;9.88409;9.89992;0.0200144;0.00600815;-8.3792e-05;1.14564;102.512;2489;2473;5000;
6490;0.0614518;-0.249126;9.9481;9.98798;0.019516;0.00626567;-2.17065e-05;0.516269;100.561;2468;2492;5000;
6500;0.0686691;-0.252801;10;9.99211;0.0201144;0.00710161;4.93629e-05;0;102.762;2433;2532;5000;
6510;0.0826874;-0.253147;9.86207;9.58974;0.0193888;0.00783959;0.000158258;1.36029;97.3465;2531;2431;5000;
6520;0.0787415;-0.253113;10;10.149;0.0203682;0.00716121;1.77743e-06;0;102.555;2442;2520;5000;
6530;0.0790072;-0.244003;9.92788;9.89617;0.0195193;0.00709571;-9.704e-05;0.715953;99.0308;2480;2478;5000;
6540;0.0808499;-0.245482;10;10.1286;0.020388;0.00714521;0.00032698;0;98.5365;2458;2520;5000;
6550;0.087058;-0.245403;9.77354;9.83488;0.0208492;0.00719555;0.000185484;2.21332;101.02;2503;2460;5000;
6560;0.0973215;-0.247008;9.96437;10.1738;0.0215648;0.00746496;0.000194194;0.355025;103.971;2452;2517;5000;
6570;0.113695;-0.252608;10;10.0519;0.0227596;0.00771027;-0.000101203;0;98.161;2440;2518;5000;
6580;0.119799;-0.246405;10;10.0199;0.0214547;0.00789291;0.000289818;0;102.869;2452;2514;5000;
6590;0.104263;-0.242171;10;9.87038;0.0230503;0.00774871;6.93909e-05;0;98.5299;2464;2513;5000;
6600;0.0947982;-0.231338;10;10.2947;0.022837;0.00767283;0.000111992;0;106.564;2385;2585;5000;
6610;0.10589;-0.227864;9.73297;10.2152;0.0205737;0.00785467;0.000362093;2.59897;103.596;2460;2515;5000;
6620;0.0957354;-0.224914;9.93633;10.0402;0.0209693;0.00866384;0.000528109;0.632635;101.567;2474;2497;5000;
6630;0.104254;-0.215457;9.82906;10.3916;0.0204488;0.009172;-2.67518e-06;1.68018;101.124;2432;2530;5000;
6640;0.110185;-0.218837;9.88506;10.0686;0.0202879;0.0096955;0.000102283;1.13621;107.101;2471;2494;5000;
6650;0.108049;-0.21533;10;10.1404;0.0209102;0.00929333;-3.96593e-05;0;107.12;2441;2528;5000;
6660;0.114049;-0.208644;10;10.3699;0.0204923;0.0094219;0.000213554;0;106.733;2413;2551;5000;
6670;0.112862;-0.203515;10;10.3152;0.021424;0.00875996;-2.37178e-07;0;106.567;2419;2553;5000;
6680;0.116543;-0.201676;10;9.90491;0.0207294;0.00978838;-0.000275822;0;105.379;2469;2500;5000;
6690;0.122244;-0.200593;9.80949;10.2842;0.0220887;0.00948389;0.000137297;1.86884;104.079;2453;2523;5000;
6700;0.12521;-0.196204;10;10.1772;0.0217608;0.0108453;-0.000300197;0;107.5;2442;2527;5000;
6710;0.130792;-0.196588;10;9.9127;0.0224945;0.00988475;-7.89027e-05;0;103.167;2476;2498;5000;
6720;0.12571;-0.181195;10;10.0359;0.0216935;0.0104717;0.000427918;0;100.717;2471;2514;5000;
6730;0.109471;-0.187516;10;10.2363;0.0196601;0.0117268;0.000148008;0;101.146;2425;2556;5000;
6740;0.121455;-0.19293;9.89191;9.83613;0.0203982;0.0126318;-0.000278514;1.06918;99.5335;2509;2471;5000;
6750;0.116519;-0.179853;9.84921;9.96371;0.0191014;0.0124224;-7.86119e-05;1.4852;97.6197;2494;2482;5000;
6760;0.111976;-0.177511;9.74773;9.86196;0.0177248;0.0119489;8.79677e-05;2.45903;100.834;2502;2473;5000;
6770;0.097253;-0.174966;9.91926;9.73444;0.0196225;0.0116719;0.00101885;0.800909;99.1368;2524;2457;5000;
6780;0.0924364;-0.171778;10;9.81423;0.0211723;0.0116757;-0.000359367;0;100.163;2491;2483;5000;
6790;0.0888934;-0.171953;9.96792;9.92019;0.0205818;0.0111691;1.82755e-05;0.319741;95.3647;2493;2486;5000;
6800;0.0892806;-0.160448;10;10.1796;0.0232524;0.0109789;-0.000251987;0;102.881;2432;2551;5000;
6810;0.0979153;-0.16235;9.94841;10.1089;0.024197;0.0107319;4.81492e-05;0.513212;102.851;2469;2507;5000;
6820;0.0926493;-0.153899;9.70027;10.0206;0.0235051;0.00963906;0.000236125;2.90744;100.905;2483;2492;5000;
6830;0.092349;-0.143748;9.69035;9.59694;0.0227845;0.00952633;-2.56758e-07;3.00059;98.9911;2548;2441;5000;
6840;0.0824109;-0.136872;10;9.86161;0.02116;0.00991298;-0.000202405;0;99.6645;2495;2494;5000;
6850;0.0860192;-0.125169;10;10.2163;0.0202104;0.0106121;0.000204055;0;107.602;2440;2551;5000;
6860;0.0883333;-0.120726;9.85347;9.92323;0.020711;0.010901;0.000105522;1.44387;100.237;2502;2488;5000;
6870;0.0863308;-0.118431;9.82725;10.0611;0.0215044;0.0099017;-5.97721e-05;1.69768;100.812;2490;2503;5000;
6880;0.0912714;-0.12058;9.77734;9.666;0.0216513;0.00998331;6.5018e-05;2.17706;95.6228;2537;2459;5000;
6890;0.0796321;-0.118399;10;9.8692;0.020316;0.00999415;0.000161204;0;95.7023;2501;2490;5000;
6900;0.0747322;-0.111869;10;10.6127;0.019755;0.0100804;5.17533e-05;0;113.595;2393;2598;5000;
6910;0.0750743;-0.112933;10;9.60234;0.0165416;0.0104576;1.61522e-05;0;104.169;2520;2463;5000;
6920;0.0768493;-0.110422;10;10.2097;0.0178906;0.00991932;0.000317863;0;102.375;2455;2532;5000;
6930;0.0801322;-0.111249;9.74128;10.0204;0.0169089;0.00994145;0.00019357;2.52028;98.7746;2496;2485;5000;
6940;0.0694665;-0.110267;9.93678;10.158;0.0183807;0.00991569;0.000412687;0.628165;99.327;2474;2515;5000;
6950;0.0713644;-0.118896;9.828;9.712;0.0178427;0.010244;0.000233392;1.69042;98.3971;2530;2457;5000;
6960;0.0818319;-0.124583;9.78192;9.77805;0.0192911;0.0104609;5.24078e-05;2.13325;98.4576;2525;2467;5000;
6970;0.0830817;-0.118939;10;10.1201;0.0216076;0.00940386;-0.000188115;0;103.989;2458;2528;5000;
6980;0.0828302;-0.119512;10;10.0477;0.0217065;0.0101765;0.000255554;0;100.674;2451;2527;5000;
6990;0.0837425;-0.117651;9.6208;9.74611;0.0208899;0.00997315;-5.61156e-05;3.64823;99.9355;2523;2461;5000;
7000;0.0753886;-0.117772;9.83972;10.217;0.0216172;0.0108224;0.000122074;1.57712;100.321;2466;2517;5000;
7010;0.0608347;-0.11268;9.84475;9.84727;0.0228861;0.00909273;-1.7478e-05;1.52844;101.986;2513;2473;5000;
7020;0.0652448;-0.112533;9.95588;9.88831;0.023819;0.00843323;0.00033556;0.439289;93.9644;2508;2482;5000;
7030;0.0738265;-0.112353;9.9606;10.2681;0.023832;0.00837823;1.10901e-05;0.392459;96.435;2459;2528;5000;
7040;0.0591388;-0.11339;10;10.2665;0.0266065;0.00883331;9.1138e-05;0;102.23;2446;2543;5000;
7050;0.055737;-0.12496;10;10.2897;0.0241087;0.00940532;-0.000122211;0;104.624;2434;2557;5000;
7060;0.0653253;-0.123732;9.95676;10.3135;0.0262431;0.00907307;0.000511669;0.43052;105.48;2459;2533;5000;
7070;0.0688609;-0.130896;10;10.0439;0.0276854;0.009738;-0.000202449;0;101.872;2460;2519;5000;
7080;0.0783448;-0.124892;9.87174;9.76447;0.027083;0.00966949;-0.000278635;1.26612;96.192;2525;2463;5000;
7090;0.0691927;-0.117475;10;9.91284;0.0297026;0.00863275;-0.000506038;0;106.49;2487;2502;5000;
7100;0.0681864;-0.105691;10;9.80693;0.0282377;0.0077704;0.000146425;0;96.5348;2500;2489;5000;
7110;0.0690895;-0.104596;9.81438;9.8987;0.0279294;0.00835351;-0.000253489;1.82178;97.9233;2506;2485;5000;
7120;0.0812262;-0.106222;10;10.1164;0.0291006;0.00844686;0.000151644;0;107.614;2470;2520;5000;
7130;0.076792;-0.0955778;9.91587;9.79633;0.0278536;0.00840162;0.000124005;0.834268;97.762;2524;2475;5000;
7140;0.0730336;-0.105852;10;9.97621;0.0278114;0.00868837;0.000302651;0;99.9201;2472;2516;5000;
7150;0.0718477;-0.110096;10;10.1442;0.0263482;0.00862897;0.000432619;0;101.701;2452;2533;5000;
7160;0.0599375;-0.102819;10;9.71184;0.0259871;0.00928385;-5.87493e-05;0;98.7487;2493;2494;5000;
7170;0.0624846;-0.117608;10;9.74359;0.0247689;0.0094415;-1.59841e-05;0;102.965;2481;2508;5000;
7180;0.052179;-0.120102;9.93638;10.0322;0.0228664;0.00909045;0.000134829;0.632136;98.51;2493;2499;5000;
7190;0.0474874;-0.121771;10;10.1993;0.0229629;0.00875433;-0.000398144;0;108.689;2435;2559;5000;
7200;0.0495188;-0.120885;9.79616;10.049;0.0226538;0.00854702;1.33991e-05;1.99686;104.04;2489;2499;5000;
7210;0.0440429;-0.130739;9.81416;9.90692;0.0205392;0.00879619;0.000110466;1.8239;98.5344;2507;2482;5000;
7220;0.0395304;-0.130407;9.92442;10.0201;0.0229976;0.0090336;-0.000133939;0.750056;99.2353;2490;2495;5000;
7230;0.0367762;-0.127189;9.74653;9.74141;0.0232816;0.0100471;0.000207349;2.47041;99.0846;2525;2461;5000;
7240;0.0346129;-0.125389;9.996;9.98002;0.0215588;0.00965882;0.000488951;0.040016;99.0004;2489;2497;5000;
7250;0.0356429;-0.137288;9.81139;10.0611;0.0247259;0.00918014;0.000223817;1.85048;101.3;2481;2497;5000;
7260;0.0422235;-0.138611;10;9.77102;0.0240813;0.0093194;0.000369765;0;98.4079;2508;2475;5000;
7270;0.0463376;-0.139793;9.83031;9.99189;0.0236929;0.00966212;-3.67178e-05;1.66813;105.109;2484;2491;5000;
7280;0.0447858;-0.131342;10;10.2093;0.0263321;0.00937205;5.28485e-06;0;99.7146;2449;2536;5000;
7290;0.0558093;-0.139746;9.88442;9.88358;0.027381;0.0090394;-4.86149e-05;1.14248;99.4244;2502;2480;5000;
7300;0.0580577;-0.135226;9.89792;10.212;0.02744;0.00933414;-6.11416e-05;1.01039;110.677;2466;2521;5000;
7310;0.0621561;-0.134153;9.94847;10.1332;0.0270604;0.0097284;-0.000186554;0.512605;97.0755;2475;2510;5000;
7320;0.0622991;-0.134947;9.84038;9.79952;0.0263844;0.0101597;0.000496718;1.57069;97.8748;2518;2466;5000;
7330;0.0789388;-0.133897;9.65614;9.40776;0.0259151;0.0106689;-0.000450144;3.32038;95.1274;2569;2415;5000;
7340;0.0771689;-0.142015;10;10.016;0.0282286;0.0112983;0.000296438;0;103.122;2480;2502;5000;
7350;0.0730608;-0.144554;9.82171;9.88288;0.0287012;0.0119308;0.000479762;1.7511;100.107;2505;2479;5000;
7360;0.0770604;-0.144802;9.76615;9.74566;0.0286779;0.0112831;-0.000199016;2.2838;102.842;2520;2464;5000;
7370;0.0817795;-0.151375;10;10.028;0.030858;0.0103253;0.000384833;0;99.7192;2483;2507;5000;
7380;0.0923644;-0.151824;9.96074;10.3424;0.0316135;0.0105666;0.000410018;0.391077;98.3744;2440;2537;5000;
7390;0.073921;-0.154673;9.75971;9.55254;0.0305898;0.0113492;0.000453765;2.34514;95.2053;2544;2437;5000;
7400;0.0773272;-0.158698;10;9.91249;0.0324637;0.0124108;-0.000469606;0;101.106;2493;2492;5000;
7410;0.0814808;-0.14487;9.84431;9.77154;0.0359351;0.0116302;0.000890156;1.53265;100.349;2523;2466;5000;
7420;0.07808;-0.152068;10;10.1321;0.035681;0.0109764;0.000177764;0;101.544;2451;2531;5000;
7430;0.080538;-0.154087;10;10.1685;0.0377754;0.010893;0.000818476;0;101.215;2446;2535;5000;
7440;0.0911093;-0.143514;9.85972;9.72854;0.0390739;0.0124772;0.000506481;1.38313;98.3694;2526;2460;5000;
7450;0.0862034;-0.141769;9.8143;9.95545;0.034875;0.0139945;0.000229869;1.82249;98.7829;2497;2484;5000;
7460;0.0751639;-0.135924;9.76613;9.44841;0.0301987;0.0139228;0.000296676;2.28401;94.1005;2557;2422;5000;
7470;0.0652079;-0.126865;10;10.0277;0.0290157;0.0136157;-0.000413836;0;108.929;2450;2538;5000;
7480;0.0732677;-0.130269;10;9.60892;0.0323433;0.0132199;0.000985468;0;97.8525;2527;2457;5000;
7490;0.0703955;-0.121195;10;10.0917;0.0320899;0.012082;0.000733403;0;101.506;2455;2532;5000;
7500;0.0559327;-0.119446;10;9.86982;0.0349556;0.0123288;0.000407431;0;99.6675;2481;2502;5000;
7510;0.0552799;-0.122301;10;10.1731;0.0329682;0.0123236;0.000358286;0;103.353;2405;2586;5000;
7520;0.0655176;-0.112946;10;10.1324;0.0373769;0.012404;9.89598e-05;0;104.276;2458;2525;5000;
7530;0.0543195;-0.112121;10;10.1124;0.0337151;0.0124084;0.000596346;0;104.08;2467;2520;5000;
7540;0.0691976;-0.113074;9.68563;9.49337;0.0336816;0.0112982;8.33711e-05;3.04483;99.0598;2553;2434;5000;
7550;0.0672218;-0.107622;10;10.0279;0.0364995;0.0108234;8.0602e-05;0;102.235;2473;2512;5000;
7560;0.0765782;-0.0949031;10;9.9565;0.0389175;0.0102386;0.000831276;0;101.026;2469;2518;5000;
7570;0.0784974;-0.0949209;10;9.87786;0.0411592;0.0116827;0.000490638;0;104.359;2486;2507;5000;
7580;0.0642474;-0.0943764;10;10.1776;0.0408957;0.0116077;8.55471e-05;0;106.102;2465;2522;5000;
7590;0.0696577;-0.0965767;10;9.96491;0.0428494;0.012014;0.000171284;0;108.81;2435;2556;5000;
7600;0.0408029;-0.106331;9.94055;10.0929;0.0467013;0.0117579;0.000254529;0.590996;104.271;2481;2508;5000;
7610;0.0654446;-0.0944215;9.8605;9.83139;0.0508762;0.0113468;0.000377088;1.37552;98.3256;2518;2474;5000;
7620;0.0573647;-0.0918014;9.98802;10.02;0.0461357;0.0113869;4.72384e-05;0.119665;105.248;2492;2501;5000;
7630;0.053098;-0.0888745;9.95618;10.0361;0.0459226;0.0111502;-7.65451e-05;0.436326;97.1473;2490;2499;5000;
7640;0.0323787;-0.0720901;10;9.81452;0.0457884;0.0118723;-0.000404153;0;98.2687;2504;2487;5000;
7650;0.037507;-0.060801;9.74227;9.71751;0.0453547;0.00965943;0.000134479;2.51089;96.5304;2534;2457;5000;
7660;0.0305319;-0.0574148;10;9.74674;0.0450845;0.00937103;0.000506214;0;103.62;2452;2540;5000;
7670;0.0404457;-0.0502556;9.84891;9.8672;0.0425626;0.00938008;6.5818e-05;1.48811;97.3264;2515;2477;5000;
7680;0.0243786;-0.049689;10;10.0882;0.0405158;0.010258;0.000509608;0;102.197;2479;2517;5000;
7690;0.0210908;-0.0550147;10;9.97228;0.0417996;0.00983251;0.000165641;0;100.474;2475;2518;5000;
7700;0.0140734;-0.0640371;9.87292;9.89122;0.0431345;0.00909745;0.000578573;1.2547;95.4354;2510;2486;5000;
7710;0.0106115;-0.0593394;10;10.1978;0.0421364;0.00921417;0.000557198;0;103.433;2469;2526;5000;
7720;0.02498;-0.0538713;9.68688;9.62858;0.045012;0.00974127;0.000484547;3.03315;98.3683;2547;2444;5000;
7730;0.0351334;-0.0569477;10;10.1346;0.0459928;0.0100115;0.000182253;0;105.049;2431;2560;5000;
7740;0.0430082;-0.0519037;10;10.012;0.0481067;0.00963328;0.000929556;0;101.357;2484;2508;5000;
7750;0.0579978;-0.0446338;10;9.91723;0.0485709;0.00910104;1.14355e-05;0;103.935;2477;2516;5000;
7760;0.0650322;-0.0516881;9.69279;9.73588;0.0489506;0.00959966;-0.000253804;2.9777;94.8916;2528;2461;5000;
7770;0.0756176;-0.0521648;9.88854;9.8955;0.0547838;0.00946681;0.000119469;1.10223;98.5421;2505;2484;5000;
7780;0.0731327;-0.0639809;9.9515;9.73476;0.0539625;0.0109332;0.000537282;0.482692;98.4649;2530;2462;5000;
7790;0.0777685;-0.0649259;9.89281;9.97582;0.0572111;0.00996237;-5.04015e-05;1.06037;102.055;2497;2492;5000;
7800;0.0686153;-0.0671025;10;10.1751;0.0602223;0.0106527;0.000371016;0;104.148;2434;2557;5000;
7810;0.0705941;-0.0615068;10;9.98012;0.0632474;0.00969904;0.000205065;0;100.715;2487;2510;5000;
7820;0.0783673;-0.0631763;10;10.2049;0.0622048;0.0101363;0.000912442;0;104.458;2453;2540;5000;
7830;0.0616844;-0.065318;9.85422;10.0447;0.0626816;0.00970288;0.000955271;1.43659;98.089;2490;2501;5000;
7840;0.0586743;-0.0645484;9.56438;9.89194;0.0623233;0.00983657;0.000370033;4.16644;94.7514;2503;2481;5000;
7850;0.065635;-0.0608781;10;9.86264;0.0677107;0.00896764;-0.000149922;0;102.925;2480;2513;5000;
7860;0.0615885;-0.0647182;9.68662;9.28315;0.0679251;0.00935191;0.000308415;3.03558;93.7912;2581;2411;5000;
7870;0.0613198;-0.064757;10;10.234;0.0627737;0.00946947;-0.000231276;0;107.408;2449;2537;5000;
7880;0.0768548;-0.0628086;10;9.82483;0.063712;0.00911579;0.000634968;0;104.329;2470;2524;5000;
7890;0.0765381;-0.0557111;9.89944;9.70963;0.0598155;0.00909034;0.000768017;0.995519;95.0231;2529;2461;5000;
7900;0.0702245;-0.0519228;9.56759;9.71229;0.0569293;0.00830744;0.000691419;4.13713;94.6151;2539;2456;5000;
7910;0.0558728;-0.0523888;9.89332;10.0486;0.0575018;0.00841853;-0.000745384;1.05539;100.443;2491;2504;5000;
7920;0.0505407;-0.056686;10;10.1324;0.0547676;0.00839447;1.41187e-05;0;102.951;2471;2526;5000;
7930;0.0308822;-0.0590913;9.8799;9.79616;0.050166;0.00835319;0.000322628;1.18654;99.3589;2526;2468;5000;
7940;0.0302817;-0.0626389;10;9.78013;0.0578265;0.00831323;-3.87555e-05;0;98.499;2502;2491;5000;
7950;0.0280472;-0.0673798;10;9.95647;0.0562211;0.00906532;0.000328295;0;104.984;2475;2516;5000;
7960;0.0354837;-0.0646524;9.77734;10.0574;0.0548468;0.0093807;0.000300728;2.17699;101.308;2488;2503;5000;
7970;0.0347741;-0.0645884;9.98807;10.1087;0.050274;0.00936729;-0.000123102;0.119142;99.9077;2477;2512;5000;
7980;0.0399523;-0.0653025;9.92777;9.84848;0.0529171;0.00955713;2.67643e-05;0.717094;94.1557;2518;2474;5000;
7990;0.0426535;-0.0670061;9.97653;10.4337;0.0532168;0.00945645;0.000594282;0.234191;108.65;2439;2550;5000;
8000;0.0358356;-0.0698198;9.8719;9.79217;0.0453218;0.00889669;4.15799e-06;1.26461;98.8377;2528;2466;5000;
8010;0.046224;-0.064613;9.95981;9.86465;0.0479296;0.00890643;-0.000237778;0.400314;95.8416;2512;2478;5000;
8020;0.0477677;-0.0630521;9.90408;9.85989;0.0452603;0.00874349;-0.000187931;0.950031;99.6201;2518;2478;5000;
8030;0.0417445;-0.0682334;10;10.315;0.0435286;0.00911582;0.000317067;0;109.271;2435;2554;5000;
8040;0.0524697;-0.075066;9.8955;9.75318;0.0458716;0.00952362;-0.000312811;1.0341;95.3212;2529;2462;5000;
8050;0.0580704;-0.0688357;10;10.1857;0.0474083;0.00930697;0.000113598;0;97.1799;2471;2523;5000;
8060;0.0541959;-0.0638844;9.50612;9.20211;0.0458938;0.00922156;9.14577e-05;4.69485;93.045;2582;2406;5000;
8070;0.0510121;-0.0649389;10;9.98804;0.0463141;0.00860899;-0.000380738;0;96.4128;2491;2506;5000;
8080;0.0519915;-0.0747405;9.77603;9.92261;0.0432332;0.00817095;-0.000109631;2.18952;97.8759;2505;2488;5000;
8090;0.0550373;-0.0726149;10;10.23;0.041356;0.00871624;-0.000438395;0;102.409;2459;2535;5000;
8100;0.039479;-0.072016;9.84659;9.55212;0.0476804;0.00819258;0.000293828;1.51058;96.3908;2552;2439;5000;
8110;0.0302561;-0.0741496;10;10.1027;0.0489578;0.0084911;0.000388153;0;107.062;2436;2557;5000;
8120;0.0310605;-0.074489;9.8779;9.49273;0.0472077;0.00902238;1.28992e-05;1.20609;96.5968;2565;2427;5000;
8130;0.0436535;-0.0789208;10;10.3933;0.0482717;0.0086528;-0.000102288;0;104.509;2429;2563;5000;
8140;0.060124;-0.083209;9.71747;9.56976;0.0441474;0.00916593;0.000257574;2.74548;100.539;2546;2442;5000;
8150;0.0662712;-0.0809984;9.75512;9.49382;0.0435357;0.00937697;0.000508806;2.38885;95.519;2560;2430;5000;
8160;0.0756501;-0.0855574;9.79703;10.0697;0.0450725;0.0100902;6.77545e-05;1.98847;100.774;2477;2510;5000;
8170;0.0703155;-0.0960648;9.98812;10.1899;0.0464589;0.00989151;-0.000250932;0.118671;97.9437;2473;2522;5000;
8180;0.0875746;-0.0948563;10;9.67118;0.0434436;0.00877637;0.000249229;0;99.2729;2495;2500;5000;
8190;0.0880788;-0.094379;10;9.98807;0.0447576;0.0105563;-0.000262222;0;98.369;2477;2511;5000;
8200;0.0924927;-0.0912972;9.9128;10.0727;0.0494037;0.0114288;0.000548518;0.864374;100.277;2486;2501;5000;
8210;0.0858229;-0.0961855;9.71451;9.66102;0.0467337;0.0106994;0.00072544;2.77337;99.3201;2538;2450;5000;
8220;0.104798;-0.102173;9.64072;9.37475;0.0499828;0.0118253;0.000351273;3.46373;97.8055;2576;2415;5000;
8230;0.100177;-0.0896187;10;9.83255;0.0459578;0.0103002;0.000147901;0;100.945;2463;2525;5000;
8240;0.0905437;-0.0852595;10;10.1159;0.0439728;0.00931562;0.000359541;0;102.744;2460;2531;5000;
8250;0.0878516;-0.0883719;10;9.8227;0.044866;0.00936598;0.000233606;0;97.8803;2496;2493;5000;
8260;0.0790979;-0.0914841;9.86454;9.84739;0.0427912;0.00966446;0.000272685;1.33623;102.386;2515;2476;5000;
8270;0.0701066;-0.0850167;10;9.91273;0.0404722;0.00970368;4.7383e-05;0;106.696;2483;2499;5000;
8280;0.0510333;-0.0917167;10;10.04;0.0443958;0.0100694;0.000871333;0;104.398;2482;2510;5000;
8290;0.0451004;-0.0937582;10;9.94495;0.0403115;0.0096599;0.000246765;0;104.991;2465;2529;5000;
8300;0.0456303;-0.0847473;10;9.80731;0.0439474;0.00934669;0.000397354;0;100.435;2496;2494;5000;
8310;0.0676853;-0.0835612;10;10.0957;0.0412077;0.00913356;0.000237414;0;103.7;2463;2531;5000;
8320;0.0741726;-0.0869261;9.98417;10.2022;0.044692;0.00869401;0.000237626;0.15804;104.609;2468;2523;5000;
8330;0.0798027;-0.093652;10;10.0722;0.045267;0.00944282;0.000335904;0;98.4304;2475;2511;5000;
8340;0.0725536;-0.0930801;10;9.92837;0.0455952;0.0100637;-0.00033578;0;103.934;2493;2495;5000;
8350;0.07042;-0.0908788;10;9.92436;0.0473932;0.00965806;0.000123482;0;95.5755;2500;2493;5000;
8360;0.0659779;-0.0821944;9.68028;10.129;0.0452253;0.00919094;0.000489686;3.095;100.191;2478;2513;5000;
8370;0.0505723;-0.0859225;10;10.4655;0.0453984;0.0089294;0.000333391;0;108.971;2429;2563;5000;
8380;0.0482282;-0.0884198;10;9.79826;0.0400773;0.00871878;-0.000389098;0;98.8121;2511;2477;5000;
8390;0.0628463;-0.0889457;10;10.2429;0.0388179;0.00835362;0.000331841;0;109.82;2460;2530;5000;
8400;0.0406695;-0.0880054;9.68676;9.55609;0.040482;0.00780078;-0.000275634;3.03431;91.8933;2546;2443;5000;
8410;0.0403212;-0.088853;9.83071;10.0244;0.0393722;0.00816457;3.09621e-05;1.66425;96.6661;2490;2497;5000;
8420;0.0175848;-0.0979899;10;10.1532;0.0394121;0.0087146;0.000278247;0;101.548;2474;2519;5000;
8430;0.0213695;-0.0944018;9.64899;9.88506;0.0352486;0.0083256;0.000405109;3.38693;99.7405;2509;2474;5000;
8440;0.0221223;-0.0974705;9.84133;9.92336;0.0350794;0.00774555;-8.60445e-05;1.5615;97.2511;2506;2481;5000;
8450;0.0406709;-0.0956874;10;10.012;0.0361749;0.00722852;-0.00034627;0;95.7683;2481;2508;5000;
8460;0.0355368;-0.103279;9.88506;9.96367;0.038253;0.00825644;2.21163e-05;1.13621;98.949;2500;2494;5000;
8470;0.0466393;-0.11171;9.83044;9.95942;0.0350838;0.00881112;0.000748286;1.66683;97.8068;2498;2493;5000;
8480;0.0307132;-0.120848;9.94407;9.94794;0.0362306;0.00988966;-2.64055e-05;0.5562;97.7546;2499;2489;5000;
8490;0.0341108;-0.126722;10;10.1731;0.0383617;0.0101671;7.28258e-05;0;106.532;2456;2527;5000;
8500;0.0269014;-0.133025;10;10.3564;0.0420259;0.00935311;-0.000234915;0;109.715;2430;2557;5000;
8510;0.0357481;-0.138346;9.73818;9.93855;0.043277;0.0102169;0.000758918;2.54966;96.3911;2497;2492;5000;
8520;0.0358336;-0.141726;9.772;9.608;0.0444129;0.0100004;-0.000132161;2.22802;96.6463;2544;2443;5000;
8530;0.0274443;-0.148021;10;9.97621;0.0414646;0.00998892;0.000372803;0;105.947;2464;2516;5000;
8540;0.0240389;-0.145798;10;10.0923;0.0384523;0.0098906;0.000534119;0;99.1488;2467;2515;5000;
8550;0.0237441;-0.144082;9.86481;9.95976;0.0366956;0.0102137;0.000933326;1.33361;94.8877;2495;2481;5000;
8560;0.0255783;-0.149543;10;10;0.0356983;0.0101048;-0.000471169;0;101.2;2485;2500;5000;
8570;0.0261618;-0.149502;9.7891;9.69039;0.0339866;0.0107971;-7.20742e-05;2.06455;97.9741;2526;2460;5000;
8580;0.0122374;-0.147805;10;10.0438;0.0337055;0.010696;0.000207235;0;100.556;2456;2522;5000;
8590;0.00717621;-0.147303;9.88556;10.0852;0.036501;0.0109718;0.000190035;1.13134;101.574;2481;2505;5000;
8600;-0.00129953;-0.140377;10;10.1444;0.0343586;0.0119769;-2.061e-05;0;100.741;2454;2529;5000;
8610;0.00106843;-0.14489;9.89796;10.2325;0.0351607;0.0120393;7.95344e-05;1.01;99.1711;2459;2522;5000;
8620;0.00424598;-0.132034;9.81028;9.95142;0.0354638;0.0113998;0.000426812;1.86124;101.536;2506;2482;5000;
8630;-0.00344397;-0.12909;10;10.108;0.0363252;0.0119629;0.000509159;0;106.231;2452;2526;5000;
8640;-0.00509242;-0.123808;9.77647;9.99184;0.0357773;0.0116393;-0.000288144;2.18533;101.469;2492;2493;5000;
8650;0.00705028;-0.128373;10;10.0994;0.03295;0.0116299;0.000355615;0;101.699;2445;2541;5000;
8660;0.00288763;-0.131378;9.95234;10.0967;0.032926;0.0118058;0.000406107;0.474298;104.503;2481;2506;5000;
8670;-0.00601994;-0.133951;9.97997;9.94808;0.0345292;0.0110536;0.000139702;0.199919;100.437;2496;2491;5000;
8680;-0.00365247;-0.136785;10;9.8336;0.0352143;0.0107451;-0.000327391;0;96.7235;2493;2482;5000;
8690;-0.00857901;-0.13183;10;10.2336;0.0364776;0.0109107;0.000536403;0;100.55;2447;2541;5000;
8700;-0.00499476;-0.133228;10;9.71128;0.038981;0.0114365;-0.000581967;0;100.58;2494;2489;5000;
8710;-0.00262704;-0.126625;10;9.87312;0.0386212;0.00990235;0.00016346;0;104.663;2490;2490;5000;
8720;0.0046846;-0.129151;9.70507;9.84127;0.0412828;0.0102147;-0.0001174;2.86229;100.626;2519;2468;5000;
8730;0.0128811;-0.140508;10;10.2669;0.0405966;0.00978255;0.000502608;0;106.439;2448;2539;5000;
8740;0.0041668;-0.137219;10;10.2903;0.042087;0.00960915;0.000473281;0;108.222;2433;2552;5000;
8750;1.59036e-05;-0.134086;9.8435;9.69697;0.0412213;0.00979346;0.000450219;1.54052;100.307;2534;2453;5000;
8760;0.00233393;-0.134488;10;10.0479;0.040097;0.009845;6.57773e-05;0;102.951;2461;2518;5000;
8770;0.0071301;-0.137597;10;10.1003;0.0396553;0.00950077;0.000524259;0;105.648;2466;2517;5000;
8780;0.00727384;-0.131368;9.84974;10.0243;0.0384727;0.00918655;-0.000163146;1.47999;95.912;2488;2491;5000;
8790;0.00559205;-0.135481;10;9.78765;0.0421216;0.00942573;0.000535359;0;101.41;2500;2489;5000;
8800;-0.00374896;-0.139817;10;10.1125;0.0441191;0.0099236;-0.000466975;0;103.203;2469;2516;5000;
8810;0.00176721;-0.144283;9.89234;9.92777;0.0420444;0.0105206;-0.000101132;1.06497;98.8712;2502;2481;5000;
8820;0.0131033;-0.144127;10;10.1977;0.0438304;0.00997837;-0.000389198;0;98.186;2463;2528;5000;
8830;0.0349085;-0.147347;9.996;10.02;0.0441075;0.0101586;-0.000386604;0.0399361;99.2787;2485;2502;5000;
8840;0.0398395;-0.149268;9.81345;10.2472;0.0420827;0.010603;0.000183256;1.83072;99.5681;2452;2525;5000;
8850;0.0634473;-0.153423;9.93243;10.0604;0.0397923;0.0114314;4.44809e-05;0.67111;100.681;2485;2499;5000;
8860;0.0596806;-0.145488;9.81615;9.76381;0.040505;0.0103626;0.000148761;1.80473;92.8585;2520;2456;5000;
8870;0.0483845;-0.140138;10;9.64495;0.0399287;0.0105388;0.000578545;0;99.0936;2509;2472;5000;
8880;0.0512798;-0.129669;9.86078;9.89139;0.0396798;0.0110864;0.000705512;1.37282;98.0172;2507;2479;5000;
8890;0.0586976;-0.120684;10;10.2411;0.0411589;0.0107822;0.00051478;0;108.339;2444;2549;5000;
8900;0.0694582;-0.122925;10;9.98412;0.0379069;0.00952304;0.000185334;0;101.707;2475;2515;5000;
8910;0.0722388;-0.124836;10;9.87795;0.0368394;0.00985309;0.000246326;0;103.489;2483;2509;5000;
8920;0.0789321;-0.128956;10;10.1186;0.0381335;0.00923935;0.000435173;0;104.929;2430;2559;5000;
8930;0.0812329;-0.122296;9.7456;9.90593;0.038689;0.00956213;-0.000610182;2.47931;99.0096;2501;2490;5000;
8940;0.0846773;-0.123619;10;9.88487;0.0376962;0.00921427;0.000380747;0;95.8581;2498;2490;5000;
8950;0.102007;-0.127736;9.87159;9.72089;0.0355053;0.00875917;0.000253831;1.26762;97.6892;2529;2460;5000;
8960;0.112341;-0.122694;9.92837;10.0121;0.0349018;0.00850498;0.000734178;0.711145;101.689;2492;2495;5000;
8970;0.129881;-0.115512;10;9.9167;0.037091;0.00841811;0.000504175;0;97.1371;2486;2500;5000;
8980;0.126202;-0.115319;9.97615;10.1047;0.0359579;0.00899626;0.000123289;0.237905;101.358;2480;2510;5000;
8990;0.115416;-0.120679;9.71859;9.70125;0.0389371;0.00990975;-0.000229263;2.73492;98.2555;2534;2452;5000;
9000;0.108115;-0.120151;9.90905;10.1012;0.0360872;0.0108526;9.06875e-05;0.901179;104.037;2483;2506;5000;
9010;0.107466;-0.126529;9.88871;9.97987;0.0349386;0.0105363;4.28775e-05;1.10049;101.328;2496;2488;5000;
9020;0.109936;-0.12729;10;10.0634;0.0355402;0.0107449;-0.000523558;0;104.471;2445;2541;5000;
9030;0.116056;-0.126396;10;9.96072;0.0356353;0.0110464;0.000441127;0;106.204;2451;2536;5000;
9040;0.121197;-0.12244;9.96785;9.87261;0.0339259;0.00995805;-6.35348e-05;0.32051;97.9137;2513;2480;5000;
9050;0.123112;-0.110198;9.7703;9.76162;0.0364394;0.0103081;-0.000233167;2.24427;95.9028;2520;2467;5000;
9060;0.120961;-0.106891;10;9.82984;0.0398097;0.0111253;0.000190445;0;98.3881;2497;2484;5000;
9070;0.106441;-0.102526;10;10.1044;0.0381716;0.00997736;0.000401927;0;98.1826;2476;2517;5000;
9080;0.106829;-0.103702;9.92391;9.86017;0.0400333;0.00981033;0.000380018;0.755123;101.818;2515;2478;5000;
9090;0.108549;-0.101179;9.90453;9.9638;0.0403682;0.00984453;-2.75092e-05;0.94554;100.602;2500;2490;5000;
9100;0.0926798;-0.0911343;9.89051;9.56985;0.0411613;0.00865733;-0.000192365;1.0829;91.9618;2553;2439;5000;
9110;0.0854991;-0.0943152;9.93554;9.76966;0.0404112;0.00862211;0.000299213;0.640486;94.3075;2528;2466;5000;
9120;0.0775958;-0.0886545;9.88985;10.1302;0.0411988;0.00811352;5.51386e-05;1.08936;100.064;2479;2514;5000;
9130;0.0733169;-0.0829959;10;9.84597;0.0416179;0.00826334;0.000145845;0;97.1722;2494;2493;5000;
9140;0.0583999;-0.0839862;9.83737;9.83864;0.0393687;0.00775582;0.000365671;1.59989;93.3987;2512;2480;5000;
9150;0.0797809;-0.0864953;9.85057;10.1058;0.0399954;0.00726187;0.000471216;1.47197;100.111;2483;2505;5000;
9160;0.0960546;-0.0904542;9.97189;9.89243;0.0387497;0.00764089;0.00031375;0.280334;100.745;2504;2483;5000;
9170;0.0884048;-0.079115;10;10.0637;0.0365002;0.00701076;-0.000179337;0;101.748;2466;2528;5000;
9180;0.090332;-0.0811262;10;9.98021;0.0373366;0.00772925;0.000197173;0;102.89;2470;2521;5000;
9190;0.0769218;-0.0856968;10;9.777;0.036228;0.00719186;5.52066e-05;0;98.6592;2496;2499;5000;
9200;0.0716109;-0.0879093;9.93803;10.5666;0.0356956;0.00739679;-0.00018026;0.615835;106.586;2431;2566;5000;
9210;0.069442;-0.0847355;9.89139;9.70167;0.0364959;0.00737431;-4.21792e-05;1.07429;93.1091;2530;2459;5000;
9220;0.0709526;-0.0886673;10;10.1977;0.0368174;0.00779461;0.000482371;0;104.682;2464;2527;5000;
9230;0.066451;-0.0844806;9.92874;10.097;0.0393181;0.0080707;0.000411768;0.707511;100.961;2482;2508;5000;
9240;0.0641528;-0.0882352;9.73482;10.2669;0.0368699;0.00858881;-0.000272179;2.58149;104.349;2457;2533;5000;
9250;0.0704784;-0.0857343;9.92508;10.1583;0.0375916;0.00835087;-8.47364e-05;0.743598;107.321;2474;2517;5000;
9260;0.0694956;-0.0839046;10;10.1162;0.0359927;0.00874655;-0.000254073;0;106.079;2459;2524;5000;
9270;0.0703164;-0.0852798;9.996;10.012;0.0363684;0.00877723;-0.000497514;0.0399521;103.403;2485;2501;5000;
9280;0.087226;-0.0837812;9.98785;9.75099;0.0342302;0.00844884;0.000302832;0.12131;96.0249;2526;2467;5000;
9290;0.0771044;-0.0816796;10;9.90916;0.0333131;0.00826539;-0.000122283;0;101.611;2485;2509;5000;
